kepid_x,kepoi_name,koi_tce_plnt_num,koi_pdisposition,koi_score,koi_period,koi_max_mult_ev,koi_prad,koi_prad_err1,koi_prad_err2,koi_ror,koi_ror_err1,koi_ror_err2,radius,radius_err1,radius_err2,teff,corrected_prad,corrected_prad_err1,corrected_prad_err2,rowid,kepid_y,fpp_koi_period,fpp_prob,fpEffectiveness,obsFpRate,reliability,fpp_prob_use,totalReliability
10811496,K00753.01,1,FALSE POSITIVE,0.0,19.89913995,187.4491,14.6,3.92,-1.31,0.154046,5.034292,-0.042179,1.233,0.111,-0.1,5853,20.787246116379308,679.3390537802852,-5.936148219163245,1271,10811496,19.899,0.93,2.967421834766064e-22,2.5836511428619358e-11,0.0,0.93,0.0
7938496,K00900.01,1,CANDIDATE,1.0,13.81020318,40.226162,4.56,1.33,-0.88,0.0365949999999999,0.0001,-0.003401,1.097,0.097,-0.087,5942,4.393512179949019,0.38867287158145575,-0.5367780272720285,680,7938496,13.81,0.046,0.982809634784538,0.0031916008879900406,0.999943996833065,0.046,0.953946572978744
3660924,K01214.01,1,CANDIDATE,1.0,4.24153629,14.714512,1.44,0.39,-0.28,0.012577,0.000571,-0.000505,1.221,0.107,-0.097,5776,1.6806457457997734,0.16587171796605846,-0.1496004977145607,1523,3660924,4.242,0.001,0.982809634784538,0.06340148674813968,0.9988159728084276,0.001,0.9978171568356192
4150624,K01334.02,3,FALSE POSITIVE,0.0,94.225938,15.880621,1.93,0.45,-0.14,0.020742,0.000794,-0.000728,0.931,0.077,-0.07,5421,2.1134100414359427,0.1926075441295151,-0.1753632623680862,1534,4150624,94.226,0.064,0.982809634784538,0.27542334053719986,0.9933513710017104,0.064,0.9297768832576009
4150624,K01334.01,1,FALSE POSITIVE,0.0,8.6531216,28.871054,22.58,5.25,-1.64,0.2427,36.03447,-0.627551,0.931,0.077,-0.07,5421,24.72879264567078,3671.5660279366466,-63.96843023526165,1500,4150624,8.653,1.0,0.982809634784538,0.012074352323293224,0.9997862258038677,1.0,0.0
11913073,K00011.01,1,FALSE POSITIVE,0.0,3.747838198,98.60031,13.65,3.11,-1.04,0.151387,1.08874,-0.03297,0.953,0.071,-0.064,5514,15.789374986266674,113.5595955848778,-3.5984815441788607,392,11913073,3.748,1.0,0.9828096346499741,1.5257005507855076e-06,0.9999999733138657,1.0,0.0
8255887,K00908.01,1,CANDIDATE,1.0,4.7083264510000005,619.7065,10.6,2.85,-2.56,0.080242,0.0001629999999999,-0.0001149999999999,1.142,0.095,-0.086,5560,10.028853894223507,0.8345228827415899,-0.7553744383687864,763,8255887,4.708,0.0012,3.779476454952847e-169,2.242017851241894e-35,0.0,0.0012,0.0
6387450,K01228.01,1,FALSE POSITIVE,0.0,3.661326482,1846.5966,12.07,1.66,-1.5,0.138476,0.000571,-0.000609,1.125,0.091,-0.083,5319,17.049454497545934,1.3809021721817623,-1.2601036928140326,1571,6387450,3.661,0.16,0.0,2.733957530195547e-103,0.0,0.16,0.0
6422070,K00852.01,1,CANDIDATE,0.876,3.76181843,29.971922,2.66,0.73,-0.26,0.025656,0.0002009999999999,-0.004673,1.113,0.096,-0.087,5653,3.1251262505663226,0.2706623101204767,-0.619416318863208,1097,6422070,3.762,2.8e-05,0.982809634784538,0.009501226511586535,0.9998322195217566,2.8e-05,0.99980422421961
8552202,K00914.01,1,CANDIDATE,1.0,3.886655224,41.233078000000006,1.87,0.36,-0.15,0.023262,0.002814,-0.001107,1.004,0.085,-0.077,5662,2.5560198360181223,0.3774025634249138,-0.23070116422799594,771,8552202,3.887,1.5e-05,0.982809634784538,0.002284631325599735,0.9999599479118435,1.5e-05,0.9999449485126248
8240904,K01070.01,1,CANDIDATE,1.0,6.61836309,27.650803000000003,2.98,0.49,-0.66,0.0211,0.000735,-0.000478,1.121,0.071,-0.066,5530,2.5886392005411527,0.18711589334806703,-0.1633016690509162,1517,8240904,6.618,5.1e-06,0.982809634784538,0.013500311874939584,0.9997606339532449,5.1e-06,0.9997555351740117
8240904,K01070.02,2,CANDIDATE,1.0,107.7214092,20.731815,4.75,0.79,-1.05,0.033622,0.00121,-0.000603,1.121,0.071,-0.066,5530,4.1248922843883715,0.3004849819499986,-0.253874863903723,1518,8240904,107.721,0.00043,0.982809634784538,0.21359514166085034,0.9952492641825349,0.00043,0.9948213069989363
10514770,K01156.01,1,FALSE POSITIVE,0.0,1.872421727,137.55992,5.65,0.81,-0.73,0.062711,0.002527,-0.000468,0.966,0.087,-0.078,5337,6.629859244934559,0.6541406469014069,-0.5376118342621762,1928,10514770,1.872,0.16,0.00044395975172663126,1.0237647027297192e-08,0.9999769503834772,0.16,0.8399806383221209
10426656,K01161.01,1,CANDIDATE,1.0,6.05729966,27.37242,1.94,0.21,-0.26,0.017666,0.000605,-0.000458,1.233,0.057,-0.054,5330,2.3838820215517247,0.13714930508781914,-0.1213250346208233,1933,10426656,6.057,1.5e-05,0.982809634784538,0.013820659781492172,0.9997548744538627,1.5e-05,0.9997398781307459
10426656,K01161.02,2,CANDIDATE,0.991,10.93725572,20.159246,2.41,0.27,-0.32,0.021998,0.002892,-0.003403,1.233,0.057,-0.054,5330,2.968449943965517,0.4136759833839955,-0.47725504595563356,1934,10426656,10.937,0.0017,0.982809634784538,0.03744053318600149,0.9993196535024773,0.0017,0.997620810091523
10426656,K01161.03,3,CANDIDATE,0.961,2.97136658,19.352438,1.52,0.17,-0.2,0.013899,0.000395,-0.000575,1.233,0.057,-0.054,5330,1.8755562219827586,0.10177810682979509,-0.11299387367691095,1935,10426656,2.971,1.5e-05,0.982809634784538,0.03522635358716216,0.999361357294066,1.5e-05,0.9993463668737067
6441738,K01246.01,1,CANDIDATE,1.0,19.03723442,22.91305,5.74,1.29,-0.93,0.018189,0.0007769999999999,-0.000452,1.145,0.057,-0.054,5248,2.27928044904669,0.1495154453869891,-0.12150393921743907,1762,6441738,19.037,0.00031,0.982809634784538,0.03140574107017537,0.9994328696967779,0.00031,0.9991230455071719
12470844,K00790.01,1,CANDIDATE,1.0,8.47237911,39.867977,2.59,0.37,-0.22,0.030119,0.000904,-0.000397,0.834,0.066,-0.06,5354,2.7490969422036238,0.2326761436221435,-0.2010688748490618,760,12470844,8.472,1.2e-05,0.982809634784538,0.0029894141684840077,0.9999475552502738,1.2e-05,0.9999355558796108
12470844,K00790.02,2,CANDIDATE,0.989,60.41893689999999,15.139797,2.36,0.34,-0.2,0.027422,0.001196,-0.000917,0.834,0.066,-0.06,5354,2.502929590926252,0.2261636228102725,-0.19856877086476646,761,12470844,60.419,0.00047,0.982809634784538,0.1712802585487546,0.9963849415508583,0.00047,0.9959166406283294
6047498,K01013.01,1,FALSE POSITIVE,0.0,0.51872711,12.037272,19.07,3.68,-1.57,0.229228,0.977822,-0.0567809999999999,0.941,0.076,-0.069,5572,23.606996970739992,100.7188392563033,-6.098408595482179,1962,6047498,0.519,1.0,0.982809634784538,0.08096256991495765,0.9984591272181605,1.0,0.0
10148521,K01084.01,1,FALSE POSITIVE,0.0,1.204274435,27.417156,1.19,0.32,-0.11,0.012855,0.003406,-0.000428,0.985,0.075,-0.068,5668,1.3857719524760885,0.3820282474334367,-0.10621220553730785,1606,10148521,1.204,0.54,0.982809634784538,0.012437133141964686,0.9997797219465876,0.54,0.4598986720954303
10351231,K01166.01,1,CANDIDATE,0.994,7.6746614,18.007523000000003,2.8,0.89,-0.29,0.025638,0.000394,-0.005301,0.988,0.084,-0.076,6063,2.7721998994462624,0.23951247862362482,-0.6115718182845351,1976,10351231,7.675,0.11,0.982809634784538,0.04562013201694399,0.9991639139712704,0.11,0.8892558834344306
10485179,K01167.01,1,FALSE POSITIVE,0.0,0.445275074,8.112607,1.21,0.21,-0.08,0.0153289999999999,0.092786,-0.001296,1.162,0.088,-0.08,5346,1.949410980147231,11.800652597370457,-0.2125470247264993,1977,10485179,0.445,1.0,0.982809634784538,0.12662920479000464,0.9974639902881434,1.0,0.0
3120431,K00798.01,1,FALSE POSITIVE,0.0,3.341913228,32.72262,21.55,3.54,-1.89,0.243351,11.27268,-0.134916,0.846,0.073,-0.066,5295,22.531336510854516,1043.714581473564,-12.614643633415202,803,3120431,3.342,1.0,0.982809634784538,0.006652592396538586,0.9998828599377297,1.0,0.0
7270230,K00876.01,1,FALSE POSITIVE,0.0,6.998099523,551.317,588.66,128.5,-46.16,6.502574,46.98216,-1.349775,0.888,0.08,-0.072,5612,631.9485542786307,4566.286525849707,-140.82917420804694,1199,7270230,6.998,,6.689539983962779e-146,1.4338689025136742e-31,0.0,1.0,0.0
3329204,K01095.01,1,CANDIDATE,0.997,51.59809554,81.96965,6.57,1.9,-0.59,0.070071,0.001149,-0.001167,1.125,0.1,-0.091,5681,8.627287949518625,0.7798093676059282,-0.7124899915072463,1650,3329204,51.598,0.5,0.9828096347842894,3.4451301987321555e-05,0.9999993973900477,0.5,0.49999969869502386
4275191,K00813.01,1,CANDIDATE,1.0,3.895936525,375.5263,7.34,1.53,-0.65,0.08689,0.000424,-0.00262,1.063,0.098,-0.088,5557,10.108495390605334,0.9332260178320401,-0.8906090888413619,889,4275191,3.896,0.00012,1.3729897035765844e-85,7.208758756794379e-22,0.0,0.00012,0.0
4476123,K00814.01,1,CANDIDATE,0.999,22.36646466,25.599396,2.32,0.38,-0.16,0.028938,0.000601,-0.001166,0.987,0.089,-0.08,5395,3.1258571032909637,0.2892450849118475,-0.2829415459905592,890,4476123,22.366,9.2e-05,0.982809634784538,0.024086191900715242,0.999568309613265,9.2e-05,0.9994763493287806
9761882,K00948.01,1,CANDIDATE,1.0,24.58716355,30.480999,2.37,0.41,-0.21,0.028979,0.005072,-0.00156,0.911,0.076,-0.069,5474,2.8892507021300027,0.5601932383282059,-0.26847628958170344,944,9761882,24.587,0.00038,0.982809634784538,0.013687725518877867,0.9997572649183217,0.00038,0.9993773571576527
5802486,K01039.01,1,FALSE POSITIVE,0.0,1.073917869,64.74856,33.01,10.6,-3.55,0.315181,1.868964,-0.042601,0.988,0.09,-0.081,5962,34.08006617159577,202.11222090656923,-5.387512457563831,1378,5802486,1.074,1.0,0.982809634784538,0.00010784342446784964,0.9999981135026194,1.0,0.0
7552344,K00888.01,1,FALSE POSITIVE,0.0,1.000747038,40.07125,4.14,0.75,-0.57,0.047993,0.00014,-0.006948,1.028,0.087,-0.079,5472,5.399511474767179,0.4572339218865924,-0.8849983524383477,1285,7552344,1.001,0.58,0.982809634784538,0.0024939918016595062,0.999956268416878,0.58,0.4199816327350888
757450,K00889.01,1,CANDIDATE,0.999,8.884922995,474.02078,10.51,0.56,-0.57,0.114124,0.000396,-0.000266,0.962,0.047,-0.044,5332,12.015324732821545,0.5885059740547137,-0.550270580560343,1286,757450,8.885,0.0027,1.394291641354291e-119,2.8293645615054257e-27,0.0,0.0027,0.0
5358241,K00829.01,1,CANDIDATE,1.0,18.64932728,36.000114,3.12,0.47,-0.28,0.027096,0.000733,-0.000426,1.09,0.074,-0.068,5776,3.2323258633274605,0.23622195594785023,-0.20795453574801342,939,5358241,18.649,1.4e-05,0.982809634784538,0.0060322365945145,0.999893849568074,1.4e-05,0.9998798510541801
5358241,K00829.02,3,CANDIDATE,0.998,9.75192101,24.258644,2.76,0.43,-0.24,0.0240419999999999,0.000898,-0.005325,1.09,0.074,-0.068,5776,2.8680092414422234,0.22223202980037998,-0.6599450383582502,962,5358241,9.752,7.8e-05,0.982809634784538,0.022012744779250356,0.9996063078990055,7.8e-05,0.9995283386069893
5358241,K00829.03,2,CANDIDATE,1.0,38.557654600000006,32.640865000000005,4.02,0.62,-0.36,0.03498,0.003036,-0.005546,1.09,0.074,-0.068,5776,4.172821032595016,0.45980567567476105,-0.7109648831614903,963,5358241,38.558,0.0038,0.982809634784538,0.013905923547376332,0.9997533408755492,0.0038,0.9959542781802221
10843203,K01287.01,1,FALSE POSITIVE,0.0,4.429633087,189.43683,32.12,5.68,-3.05,0.363622,4.790401,-0.137441,1.108,0.103,-0.093,5344,44.09337757097911,580.9060466713396,-17.072293808202613,1945,10843203,4.43,0.99,5.59317996267915e-22,1.452575237157904e-11,0.0,0.99,0.0
10682541,K00751.01,1,CANDIDATE,1.0,4.99677968,24.283327,2.78,0.52,-0.23,0.030014,0.004603,-0.002436,0.847,0.072,-0.065,5339,2.7822153615970295,0.4878472778035444,-0.3107690857510752,1268,10682541,4.997,0.0022,0.982809634784538,0.019915251382666095,0.999644583275745,0.0022,0.9974453651925383
7661409,K00957.01,1,FALSE POSITIVE,0.0,3.14051153,42.96932,31.01,9.33,-3.98,0.29153,0.3153019999999999,-0.1968,1.031,0.086,-0.078,6108,32.89465785473823,35.6826151766293,-22.34485751121447,1710,7661409,3.141,1.0,0.982809634784538,0.0018037441990961071,0.9999683936235085,1.0,0.0
11045383,K01645.01,1,FALSE POSITIVE,0.0,41.16676097,198.55354,17.82,1.93,-2.15,0.202708,0.285367,-0.092371,1.096,0.082,-0.074,5193,24.314475103448277,34.2775857736349,-11.200703990711002,2325,11045383,41.167,0.96,2.299207283347371e-27,9.777409222988893e-12,0.0,0.96,0.0
6869184,K01732.01,1,CANDIDATE,1.0,43.316742700000006,21.455402,2.42,0.53,-0.19,0.0286209999999999,0.001201,-0.000633,1.073,0.095,-0.086,5654,3.3609958891423237,0.3293020184852877,-0.27944868479198937,2020,6869184,43.317,5.4e-05,0.982809634784538,0.060821063932582645,0.9988672831332116,5.4e-05,0.9988133442999224
8396405,K01733.01,1,CANDIDATE,0.938,19.18109525,14.985963,1.72,0.09,-0.1,0.026864,0.001238,-0.000951,1.134,0.102,-0.091,5214,3.334012233073244,0.3369532303351475,-0.29242091009446625,2021,8396405,19.181,0.0024,0.982809634784538,0.08195999319260802,0.9984384496057412,0.0024,0.9960421973266875
7269493,K01961.01,1,CANDIDATE,1.0,1.907810683,39.49102,0.91,0.09,-0.04,0.010107,0.000124,-0.0004089999999999,1.149,0.05,-0.047,5435,1.2709420534073748,0.057462502597352735,-0.07312952863378869,2520,7269493,1.908,0.00038,0.982809634784538,0.0027360024752149763,0.9999520131720004,0.00038,0.999572031406995
7887791,K01964.01,1,CANDIDATE,1.0,2.229326354,35.477276,0.6,0.08,-0.03,0.006393,0.000223,-0.000245,1.025,0.045,-0.042,5587,0.7171533401239618,0.040212874755603506,-0.04023521463586703,2523,7887791,2.229,0.0021,0.982809634784538,0.004585260045414247,0.9999194295847877,0.0021,0.9978195987826597
11657891,K01965.01,1,CANDIDATE,1.0,2.514628496,28.595043,1.27,0.31,-0.11,0.013835,0.000511,-0.000318,0.836,0.062,-0.057,5662,1.2658110908004025,0.10487395813706289,-0.09107753969345642,2524,11657891,2.515,0.00019,0.982809634784538,0.011015964837961821,0.9998051730829831,0.00019,0.9996152101000974
4459924,K02441.01,1,FALSE POSITIVE,0.0,4.79176993,18.046244,0.81,0.04,-0.06,0.009839,0.000299,-0.000472,0.894,0.04,-0.037,5138,0.9626578020702239,0.052067413306105474,-0.06099204626665238,2862,4459924,4.792,0.0047,0.982809634784538,0.04287123821977923,0.9992165498676002,0.0047,0.9945202320832225
9209624,K02443.01,1,CANDIDATE,0.996,6.79164656,15.718208,1.01,0.15,-0.14,0.009257,0.000486,-0.0003259999999999,1.142,0.051,-0.048,5772,1.156963940315882,0.07974424753409506,-0.06344190843433874,2865,9209624,6.792,4.8e-05,0.982809634784538,0.05910730493631681,0.9989012047860661,4.8e-05,0.9988532575282364
9209624,K02443.02,2,CANDIDATE,0.991,11.8376933,11.67936,1.0,0.15,-0.15,0.009122,0.000283,-0.000658,1.142,0.051,-0.048,5772,1.1400912891391894,0.061994798641911306,-0.09518132231212481,2866,9209624,11.838,0.0019,0.982809634784538,0.10452619335319333,0.9979583187247633,0.0019,0.9960621979191862
10004519,K01572.01,1,CANDIDATE,1.0,9.80321143,46.059982,2.99,0.99,-0.31,0.0276029999999999,0.003288,-0.001359,0.878,0.074,-0.067,6170,2.6523709152089006,0.38703271383548044,-0.24087193335755425,2663,10004519,9.803,1.3e-05,0.982809634784538,0.0013983860663625942,0.9999755065183619,1.3e-05,0.9999625068367771
11337833,K01651.01,1,CANDIDATE,0.994,51.3011844,16.529358,2.07,0.65,-0.17,0.020447,0.00105,-0.000654,0.962,0.075,-0.068,6032,2.1527228699660204,0.20096817971590258,-0.1670209052195275,2366,11337833,51.301,0.0011,0.982809634784538,0.1252807572840544,0.9974948635414776,0.0011,0.996397619191582
9574614,K01745.01,1,FALSE POSITIVE,0.0,0.982090079,327.15695,29.95,4.76,-2.79,0.369602,1.545707,-0.112295,0.911,0.091,-0.08,5472,36.84988571064057,154.15331015670915,-11.654257048200103,2063,9574614,0.982,1.0,7.243941972065577e-69,3.225229099622436e-19,0.0,1.0,0.0
7987866,K02363.01,1,CANDIDATE,0.999,3.13877646,18.053844,0.97,0.13,-0.11,0.012262,0.000227,-0.000775,0.821,0.061,-0.056,5242,1.1017623429083816,0.08436325648778231,-0.10245326360741293,3167,7987866,3.139,0.059,0.982809634784538,0.041440992514305657,0.9992438168533399,0.059,0.9402884316589929
6516185,K02445.01,1,CANDIDATE,0.989,47.3659328,13.911759,11.97,3.3,-1.42,0.1215059999999999,72.29213,-6.679799000000001,0.978,0.088,-0.08,5708,13.005289810533592,7737.725811257002,-714.9673105663951,2868,6516185,47.366,1.0,0.982809634784538,0.1555014287928411,0.9967792934029911,1.0,0.0
7593110,K01748.01,1,FALSE POSITIVE,0.004,3.549386251,1623.3705,24.15,6.61,-2.84,0.247971,6.536897,-0.0224849999999999,1.061,0.102,-0.091,5759,28.793849673845326,759.0552167733265,-3.593848253289017,2066,7593110,3.549,0.41,0.0,6.174685697787692e-91,0.0,0.41,0.0
9164836,K00213.01,1,FALSE POSITIVE,0.0,48.118812545,2789.1543,45.18,13.93,-4.67,0.474443,0.012597,-0.023296,1.224,0.094,-0.085,6003,63.554882016486275,5.164318602191063,-5.405347957915778,568,9164836,48.119,1.0,0.0,4.697555813292821e-155,0.0,1.0,0.0
9405595,K02125.01,1,CANDIDATE,1.0,23.3593589,19.423765,2.98,0.99,-0.33,0.027068,0.001116,-0.004807,1.012,0.086,-0.078,6244,2.997920666247168,0.28316486761860693,-0.5803799320908561,2709,9405595,23.359,0.0034,0.982809634784538,0.05244024304160674,0.9990320035020128,0.0034,0.995635294690106
10863608,K02368.01,1,CANDIDATE,0.999,8.07127043,15.912708,1.53,0.42,-0.14,0.016427,0.000666,-0.000815,0.932,0.084,-0.076,5766,1.6755508990057892,0.1655909584935145,-0.1599347438893543,3206,10863608,8.071,0.00082,0.982809634784538,0.05921266337593658,0.9988991229167304,0.00082,0.9980800256359387
5602588,K02369.01,1,CANDIDATE,1.0,11.01819178,18.041595,2.64,0.82,-0.27,0.024936,7.8e-05,-0.003631,1.161,0.103,-0.092,6075,3.1684179472690666,0.28126600835808213,-0.5252543045957014,3207,5602588,11.018,4.9e-05,0.982809634784538,0.04855141775052429,0.9991074505409117,4.9e-05,0.9990584942758352
5602588,K02369.03,2,CANDIDATE,0.968,7.2274321,7.709472,1.28,0.39,-0.14,0.012051,0.0008789999999999,-0.000766,1.161,0.103,-0.092,6075,1.5312241210514725,0.17586349764363146,-0.15554990443516484,3208,5602588,7.227,0.00017,0.982809634784538,0.14950114472900602,0.9969254151502785,0.00017,0.996755937829703
7037540,K01347.01,1,FALSE POSITIVE,0.0,14.405857436,2348.2366,23.42,6.56,-6.56,0.159345,5e-05,-3.3e-05,1.062,0.082,-0.074,5945,18.520231582399948,1.430010857063432,-1.290492646214816,1586,7037540,14.406,0.00025,0.0,5.887736160030532e-131,0.0,0.00025,0.0
11030711,K01429.01,1,CANDIDATE,0.997,205.912735,45.572163,4.68,0.68,-0.32,0.044194,0.001142,-0.000763,1.151,0.076,-0.071,5644,5.567011143311099,0.39473356863525566,-0.35660053191369373,1955,11030711,205.913,0.00013,0.9828096347845378,0.08162516461764872,0.9984453959552322,0.00013,0.998315598053758
4918309,K01582.01,1,CANDIDATE,1.0,186.4361811,59.845184,11.32,1.8,-3.35,0.075675,0.006964,-0.00613,1.11,0.063,-0.059,5406,9.193033951831111,0.9939514865709072,-0.8906789656276348,2012,4918309,186.436,0.9,0.9828096347831131,0.00951817705737291,0.9998319173186301,0.9,0.09998319173186299
11773328,K01906.01,1,CANDIDATE,1.0,8.710442022,34.502525,3.61,0.76,-0.3,0.0408959999999999,0.002797,-0.008726,0.996,0.08,-0.073,5416,4.457831269066185,0.4702771316334693,-1.0057213112154477,2210,11773328,8.71,0.64,0.982809634784538,0.00593483159487674,0.999895573856016,0.64,0.35996240658816575
2439243,K02280.01,1,CANDIDATE,1.0,26.0203329,22.805443,4.53,0.71,-0.87,0.033353,0.005946,-0.002514,0.91,0.06,-0.056,5624,3.3216949897747297,0.6313773450169746,-0.3232207656243465,2814,2439243,26.02,0.00021,0.982809634784538,0.03662971496171427,0.9993349474073142,0.00021,0.9991250870683587
7375348,K00266.01,1,CANDIDATE,1.0,25.30893566,41.147057,1.77,0.29,-0.28,0.01257,0.001403,-0.00116,1.209,0.051,-0.048,5949,1.6632021364523029,0.19845393469862582,-0.1670873338436993,253,7375348,25.309,7.4e-06,0.982809634784538,0.003605643066193708,0.9999367053254299,7.4e-06,0.9999293057938105
7375348,K00266.02,2,CANDIDATE,1.0,47.7439509,14.065318,1.74,0.28,-0.28,0.0123489999999999,0.000572,-0.003625,1.209,0.051,-0.048,5949,1.6339604759784667,0.10236678042725612,-0.4840097153829831,254,7375348,47.744,0.049,0.982809634784538,0.15397465223212894,0.9968166707857478,0.049,0.947972653917246
11014932,K01432.01,1,CANDIDATE,1.0,6.88595222,28.989138,2.68,0.39,-0.31,0.024611,0.000385,-0.005234,0.999,0.053,-0.049,5616,2.6907800823212935,0.14883061377270018,-0.5872683396899431,1960,11014932,6.886,3.6e-05,0.982809634784538,0.011470784576058672,0.9997970358600987,3.6e-05,0.9997610431668077
11014932,K01432.02,2,CANDIDATE,0.997,15.0549356,14.513995,1.6,0.22,-0.19,0.0146449999999999,0.000705,-0.000531,0.999,0.053,-0.049,5616,1.6011732276459743,0.11470501844160001,-0.09766447487064166,1321,11014932,15.055,0.00012,0.982809634784538,0.08003444370087401,0.9984783279583117,0.00012,0.9983585105589567
11014932,K01432.03,3,CANDIDATE,0.999,2.92721119,14.135632,1.29,0.18,-0.15,0.011806,0.000554,-0.000498,0.999,0.053,-0.049,5616,1.2907784995280644,0.09142329514339717,-0.08350374629652718,1322,11014932,2.927,2.2e-06,0.982809634784538,0.06620994979566908,0.9987598057465898,2.2e-06,0.9987576084750173
11014932,K01432.04,4,CANDIDATE,0.998,38.2856338,11.1404295,1.77,0.26,-0.2,0.01626,0.001124,-0.000428,0.999,0.053,-0.049,5616,1.7777450789705511,0.15491011812455768,-0.0989594337799666,1323,11014932,38.286,0.00015,0.982809634784538,0.1782190235555693,0.9962067307139446,0.00015,0.9960572997043375
9818462,K01521.01,1,CANDIDATE,1.0,25.9421582,24.828281,1.95,0.16,-0.07,0.022458,0.004078,-0.001127,1.071,0.069,-0.064,5170,2.632352248395419,0.5071854327374765,-0.20541148695214606,2398,9818462,25.942,5.5e-05,0.982809634784538,0.028499905297571328,0.9994868831602581,5.5e-05,0.9994319113816843
8043714,K01765.01,1,FALSE POSITIVE,0.0,6.814984472000001,843.1109,14.18,3.26,-1.1,0.1589,0.000772,-3.6e-05,1.234,0.131,-0.115,5465,21.459643974955952,2.280515254835537,-1.999891693440817,2151,8043714,6.815,0.16,1.103188824241831e-245,1.0116036724242042e-47,0.0,0.16,0.0
9364609,K02137.01,1,CANDIDATE,0.997,14.97436238,21.028004,1.28,0.09,-0.09,0.014655,0.000623,-0.00045,0.831,0.035,-0.034,5311,1.3328163208689905,0.07975892562930999,-0.068180748503951,2757,9364609,14.974,0.0051,0.982809634784538,0.03649599713396338,0.9993374671618829,0.0051,0.9942408460793573
9592579,K00243.01,1,FALSE POSITIVE,0.0,2.637574744,553.4832,9.16,3.03,-1.01,0.0814309999999999,0.000363,-0.000417,0.973,0.081,-0.073,6108,8.671336983875523,0.7229029569501567,-0.6520867514287136,113,9592579,2.638,1.0,2.25824216197663e-146,9.93416857493624e-32,0.0,1.0,0.0
10531955,K02208.01,1,CANDIDATE,1.0,2.3445125890000003,20.373524,0.97,0.14,-0.13,0.00784,0.001027,-0.0008039999999999,1.144,0.048,-0.046,5821,0.9815796425874653,0.13501677250467384,-0.10812329901853963,3154,10531955,2.345,0.0028,0.982809634784538,0.030671670178771836,0.9994465451240729,0.0028,0.9966480947977255
5436013,K02471.01,1,CANDIDATE,1.0,25.8859397,13.981552,1.66,0.09,-0.16,0.016887,0.000256,-0.003742,0.873,0.039,-0.037,5196,1.6134302779228542,0.07611455977363968,-0.3640016912787602,2997,5436013,25.886,0.0053,0.982809634784538,0.10448143388335446,0.9979592950019723,0.0053,0.9926701107384619
6936909,K01363.01,1,CANDIDATE,1.0,3.546531809,23.153551,2.18,0.66,-0.23,0.02022,0.0036829999999999,-0.001047,1.234,0.1,-0.09,5993,2.73073631953184,0.5443991678539557,-0.2442523286313664,1664,6936909,3.547,8.1e-05,0.982809634784538,0.022260509128900173,0.9996017758127906,8.1e-05,0.9995208080689498
6936909,K01363.02,2,CANDIDATE,0.983,5.70070626,11.391634,2.03,0.63,-0.2,0.018897,0.004997,-0.001143,1.234,0.1,-0.09,5993,2.5520635128681097,0.7058295370511606,-0.241811668729974,1665,6936909,5.701,0.0013,0.982809634784538,0.09629054657205652,0.9981363235183566,0.0013,0.9968387462977827
8692861,K00172.01,1,CANDIDATE,1.0,13.7223682,82.31395,2.23,0.28,-0.27,0.021681,0.0004089999999999,-0.000171,1.226,0.054,-0.051,5637,2.909063727693179,0.13938905336013124,-0.12316914023724343,428,8692861,13.722,1.4e-07,0.9828096347845364,1.4968648880752425e-05,0.9999997381788053,1.4e-07,0.9999995981788419
8692861,K00172.02,2,CANDIDATE,0.693,242.467406,18.011978,1.73,0.21,-0.22,0.016782,0.000636,-0.000454,1.226,0.054,-0.051,5637,2.2517368884344324,0.13083852649104727,-0.11173483104929081,429,8692861,242.467,0.0086,0.982809634784538,0.8596129881242331,0.8928994412202002,0.0086,0.8852205060257063
9895709,K01594.01,1,FALSE POSITIVE,0.0,1.818939148,32.953247,1.82,0.55,-0.18,0.017318,0.010169,-0.0016769999999999,1.182,0.098,-0.089,6153,2.240261253020387,1.3285130273218404,-0.27480116440666924,2097,9895709,1.819,0.99,0.982809634784538,0.006260486175036107,0.9998898077121571,0.99,0.009998898077121579
8260902,K02144.01,1,CANDIDATE,0.991,38.6715843,21.972872,2.45,0.83,-0.38,0.024605,0.004088,-0.00255,1.06,0.084,-0.076,5432,2.854385919015857,0.5254241971517049,-0.3597131637238297,2797,8260902,38.672,0.00085,0.982809634784538,0.0521632242169811,0.9990373984196321,0.00085,0.9981882166309755
6846911,K02477.01,1,CANDIDATE,0.998,14.02634692,15.594649,2.66,0.79,-0.42,0.021529,0.001942,-0.003062,0.993,0.077,-0.07,5970,2.3396805346872642,0.2783102004463434,-0.3713964062768348,3036,6846911,14.026,0.12,0.982809634784538,0.06907679539065949,0.9987021215427037,0.12,0.8788578669575792
7501646,K02572.01,1,CANDIDATE,1.0,6.37705295,15.772048000000002,2.15,0.52,-0.21,0.02038,0.000962,-0.001093,0.86,0.071,-0.065,5672,1.9181655487037501,0.18241726998310387,-0.17776782414249573,2740,7501646,6.377,0.58,0.982809634784538,0.05825119758041424,0.998918104087535,0.58,0.41954560371676475
10006581,K01595.01,1,CANDIDATE,1.0,40.109781700000006,34.499313,3.11,0.48,-0.54,0.024334,0.000859,-0.0004379999999999,1.224,0.074,-0.069,5504,3.2597055894789833,0.22820802166867998,-0.1928976477203656,2098,10006581,40.11,0.0043,0.982809634784538,0.011363749278985539,0.9997989515123613,0.0043,0.9954998160208582
10384798,K01997.01,1,CANDIDATE,1.0,38.505224,28.735064,2.45,0.68,-0.24,0.025468,0.003671,-0.001238,0.939,0.071,-0.065,5974,2.6172420488925243,0.4260082917983724,-0.2213806108352055,1999,10384798,38.505,0.00033,0.982809634784538,0.022646696536357636,0.9995947071206939,0.00033,0.999264840867344
6924203,K01370.01,1,CANDIDATE,0.995,6.8833761,24.844032,1.69,0.45,-0.13,0.019546,0.000649,-0.000627,1.101,0.087,-0.079,5679,2.3552047527372264,0.20186868281914505,-0.1851121324583555,1699,6924203,6.883,0.0021,0.982809634784538,0.019297969525724535,0.9996558163467751,0.0021,0.9975565391324469
7802136,K01449.01,1,FALSE POSITIVE,0.0,10.980246199000002,2461.2927,21.94,5.82,-2.91,0.2239719999999999,0.000186,-0.0002109999999999,1.213,0.092,-0.084,5952,29.73294891221997,2.255231056038579,-2.0591911069538797,1413,7802136,10.98,0.62,0.0,3.0313909877885674e-137,0.0,0.62,0.0
9641481,K02152.01,1,CANDIDATE,0.999,42.1918331,19.753057,2.35,0.32,-0.33,0.0198889999999999,0.000913,-0.0005009999999999,1.223,0.065,-0.061,5522,2.662090774902453,0.18695303833827862,-0.14875053206459243,2842,9641481,42.192,6.2e-05,0.982809634784538,0.07285282321741951,0.9986255991839857,6.2e-05,0.9985636843968363
9643874,K01457.01,1,CANDIDATE,1.0,8.027681122999999,459.2871,8.43,2.25,-0.75,0.087025,0.000503,-0.0018149999999999,1.047,0.092,-0.083,5569,9.971814001934936,0.8781179164299003,-0.817406658295302,1421,9643874,8.028,0.0013,1.7227626177317044e-114,1.8171362030498307e-26,0.0,0.0013,0.0
10864531,K02080.01,1,CANDIDATE,0.526,83.4887405,18.74674,2.95,0.93,-0.31,0.028709,0.000634,-0.001146,0.928,0.081,-0.073,5910,2.915744715328467,0.2625185582610547,-0.25720476069405857,3181,10864531,83.489,0.0011,0.982809634784538,0.1743273639409737,0.9963070504938137,0.0011,0.9952111127382706
10864531,K02080.02,2,CANDIDATE,1.0,34.0607677,17.713583,2.96,0.94,-0.31,0.0288819999999999,0.003842,-0.002842,0.928,0.081,-0.073,5910,2.9333149489050996,0.4667011308914684,-0.369535155149068,3182,10864531,34.061,0.015,0.982809634784538,0.07919411823301067,0.9984956789208381,0.015,0.9835182437370256
11520459,K02226.01,1,CANDIDATE,1.0,8.46354384,21.742273,2.51,0.57,-0.29,0.025894,0.000831,-0.0011619999999999,0.871,0.07,-0.064,5427,2.4683159768751572,0.21360331595662552,-0.21251780855336408,3244,11520459,8.464,0.052,0.982809634784538,0.02930930159992203,0.9994718706540884,0.052,0.9474993333800757
10132832,K02313.01,1,CANDIDATE,1.0,16.07673148,16.923792000000002,2.14,0.66,-0.22,0.020172,0.001031,-0.000637,1.107,0.09,-0.082,5957,2.443880893342562,0.2346902009708126,-0.19679183644585532,2983,10132832,16.077,0.0017,0.982809634784538,0.06136811572132523,0.9988564288663638,0.0017,0.9971583729372909
12120943,K01458.01,1,CANDIDATE,0.978,8.98128472,149.7421,7.19,1.95,-0.78,0.064401,0.00075,-0.001249,1.201,0.122,-0.108,5977,8.464846245862697,0.8655084868484738,-0.7787036682680316,1456,12120943,8.981,0.00024,1.1023279875959154e-08,2.5137901947034603e-09,0.771956241554317,0.00024,0.7717709720563439
9210387,K02416.01,1,CANDIDATE,1.0,5.90608902,11.781019,1.77,0.55,-0.19,0.016855,0.001118,-0.000732,0.948,0.084,-0.076,5966,1.7487210983513717,0.1935561468182352,-0.15944206077203546,2729,9210387,5.906,0.00077,0.982809634784538,0.09241929281003455,0.9982188803957401,0.00077,0.9974502518578354
5444549,K01551.01,1,FALSE POSITIVE,0.0,31.13862664,270.9085,12.88,3.72,-1.24,0.117961,0.00322,-0.0029,1.166,0.131,-0.115,5919,15.05290953596149,1.7403948534876128,-1.5300623904888937,2532,5444549,31.139,0.59,1.7186405180281524e-51,7.848831958365534e-16,0.0,0.59,0.0
7703955,K01707.01,1,CANDIDATE,0.998,96.109323,21.122614,4.01,0.54,-0.54,0.0365329999999999,0.0009539999999999,-0.008185,1.049,0.058,-0.055,5792,4.194153111140813,0.2564605739065368,-0.9650628605854865,2590,7703955,96.109,0.12,0.982809634784538,0.16870347125879576,0.9964503645751478,0.12,0.8768763208261301
7703955,K01707.02,2,CANDIDATE,0.995,265.47847,15.090573,4.2,0.57,-0.57,0.038304,0.099656,-0.008892,1.049,0.058,-0.055,5792,4.397471895796627,11.443541374459572,-1.0465549267251986,2591,7703955,265.478,0.49,0.982809634784538,0.9314836122801641,0.7622084276447106,0.49,0.38872629809880244
10019399,K01796.01,1,FALSE POSITIVE,0.0,11.805707539,274.67276,18.48,4.96,-9.2,0.089511,0.484878,-0.031882,1.078,0.046,-0.044,6065,10.560357618707526,57.20686788089265,-3.786001499970341,2290,10019399,11.806,0.96,1.3848889698835295e-51,3.2463873377984026e-16,0.0,0.96,0.0
2832589,K01942.01,1,CANDIDATE,1.0,10.84969477,34.495014000000005,2.67,0.38,-0.21,0.031398,0.003218,-0.001247,0.863,0.068,-0.061,5251,2.9654884473005283,0.38337424175737267,-0.24043388053553552,2392,2832589,10.85,0.0036,0.982809634784538,0.006209758515215259,0.999890706160763,0.0036,0.9962910996185842
2832589,K01942.02,2,CANDIDATE,1.0,2.4337034980000003,7.266451400000001,1.66,0.24,-0.12,0.019596,0.010984,-0.004758,0.863,0.068,-0.061,5251,1.8508093385980366,1.0476204944292105,-0.4680399318362001,2393,2832589,2.434,0.34,0.982809634784538,0.14406111770513305,0.9970561225775799,0.34,0.6580570409012027
5005121,K02237.01,1,CANDIDATE,0.994,76.421501,17.667220999999998,2.81,0.42,-0.51,0.021656,0.001009,-0.001096,1.241,0.075,-0.069,5561,2.941260427762397,0.22444795627932249,-0.22113741789920494,3323,5005121,76.422,0.0043,0.982809634784538,0.1729259244217652,0.9963429458079405,0.0043,0.9920586711409664
8007644,K02328.01,1,CANDIDATE,0.407,25.2034128,19.676186,2.42,0.67,-0.24,0.024063,0.001062,-0.000714,0.978,0.089,-0.08,5831,2.5755624307513214,0.2604910549507396,-0.22411252076558977,3029,8007644,25.203,0.00011,0.982809634784538,0.052753103187700906,0.9990259067835157,0.00011,0.9989160139337694
3644653,K02596.01,1,FALSE POSITIVE,0.0,119.682075,26.97966,30.39,8.57,-2.87,0.305437,6.732632000000001,-0.064178,1.179,0.126,-0.111,5778,39.41113172368173,868.7348461020175,-9.074287956459452,2836,3644653,119.682,1.0,0.982809634784538,0.13593709612963192,0.9972482541117831,1.0,0.0
7499398,K01473.01,1,CANDIDATE,1.0,23.02028478,99.735855,7.58,2.11,-0.71,0.072584,0.000288,-0.0073849999999999,0.96,0.082,-0.074,5613,7.6259786760634265,0.6520880907978472,-0.9734321967057971,1504,7499398,23.02,0.024,0.9828096296892662,1.9730494816519064e-06,0.9999999654892289,0.024,0.9759999663174873
5705819,K02091.01,1,CANDIDATE,1.0,8.77997349,25.702608,2.12,0.3,-0.16,0.025421,0.007993,-0.00077,0.982,0.09,-0.081,5191,2.732043274194563,0.8947714858798183,-0.24006576314722886,3228,5705819,8.78,0.022,0.982809634784538,0.018019233032327036,0.999679041399117,0.022,0.9776861024883364
2860114,K02170.01,1,FALSE POSITIVE,0.0,0.941603153,33.417465,2.29,0.35,-0.29,0.025036,0.000235,-0.004889,1.113,0.086,-0.078,5237,3.0496048023533855,0.23737112403487393,-0.632711323894794,2970,2860114,0.942,0.021,0.982809634784538,0.005796617464196505,0.9998980199776675,0.021,0.9789001615581364
8081899,K02426.01,1,CANDIDATE,0.986,4.16056658,14.0594635,0.7,0.14,-0.06,0.007855,0.000466,-0.000312,0.941,0.04,-0.038,5481,0.8089455092971305,0.05903869910066117,-0.045821064656098254,2776,8081899,4.161,0.003,0.982809634784538,0.06843286066117293,0.9987151091614209,0.003,0.9957189638339367
8935810,K01395.01,1,CANDIDATE,1.0,6.230335,31.010340000000003,3.7,0.74,-0.31,0.0391959999999999,0.0035399999999999,-0.004581,0.973,0.091,-0.082,5477,4.17386160577648,0.5426633225136317,-0.6014116167370208,1813,8935810,6.23,2.1e-05,0.982809634784538,0.008769656854254411,0.9998452524754557,2.1e-05,0.9998242557251538
10019763,K01558.01,1,FALSE POSITIVE,0.0,32.50456309,165.29753,10.68,3.31,-1.18,0.103288,0.014927,-0.010183,0.962,0.08,-0.072,6132,10.87447741933048,1.8131742858203448,-1.3460350097684883,2575,10019763,32.505,0.73,1.862081479561281e-15,5.654533689840877e-10,0.0,0.73,0.0
4644952,K01805.01,1,CANDIDATE,1.0,6.94135824,80.585655,2.96,0.33,-0.23,0.030784,0.000461,-0.004264,0.848,0.036,-0.035,5527,2.85696130480745,0.1286109533790165,-0.4129223630603353,2334,4644952,6.941,0.012,0.9828096347845378,1.6196961458930743e-05,0.999999716693668,0.012,0.987999720093344
4644952,K01805.02,3,CANDIDATE,1.0,31.7821117,27.72263,2.08,0.23,-0.16,0.021609,0.0009539999999999,-0.000587,0.848,0.036,-0.035,5527,2.0054598764158067,0.12283032740608524,-0.09909132706554137,2335,4644952,31.782,0.00051,0.982809634784538,0.022401129577787136,0.9995992025725735,0.00051,0.9990894069792615
4644952,K01805.03,2,CANDIDATE,1.0,4.36273233,39.210094,1.76,0.2,-0.14,0.01828,0.003118,-0.0016359999999999,0.848,0.036,-0.035,5527,1.6965063881198086,0.29819931466419514,-0.16719990377101893,2336,4644952,4.363,3.1e-05,0.982809634784538,0.0029839128785600095,0.9999476520509288,3.1e-05,0.9999166536737153
8505920,K02094.01,1,CANDIDATE,0.974,42.426964700000006,19.70963,3.44,0.55,-0.45,0.031124,0.001898,-0.010655,1.012,0.055,-0.052,5329,3.447143594512962,0.2815806953907816,-1.1933150092820453,3268,8505920,42.427,0.48,0.982809634784538,0.07356056120906639,0.9986111872424229,0.48,0.5192778173660599
8505920,K02094.02,2,CANDIDATE,0.998,198.680859,12.916696,2.79,0.45,-0.36,0.0252419999999999,0.005279,-0.002498,1.012,0.055,-0.052,5329,2.795681744399687,0.6040961220265124,-0.31173720033031505,3269,8505920,198.681,0.00064,0.982809634784538,0.8260871926443096,0.9169174109762224,0.00064,0.9163305838331977
10158729,K02097.01,1,CANDIDATE,0.919,58.601926,16.360394,2.06,0.68,-0.22,0.018557,0.000604,-0.000878,1.057,0.082,-0.074,6250,2.146674565709162,0.18059836790684794,-0.1813896707322723,3272,10158729,58.602,0.0065,0.982809634784538,0.14557056504297355,0.9970200219536964,0.0065,0.9905393918109975
10213902,K01723.01,1,CANDIDATE,0.992,59.6222627,29.14388,3.63,0.97,-0.41,0.03337,0.002386,-0.004511,0.884,0.082,-0.074,6108,3.228434110873395,0.37811144127239993,-0.5133252500569381,2677,10213902,59.622,0.0032,0.982809634784538,0.03303143489660035,0.9994025098057666,0.0032,0.9962044217743882
10214162,K01724.01,1,CANDIDATE,1.0,17.42393582,29.249092,3.29,1.04,-0.41,0.031088,0.000258,-0.005361,0.829,0.071,-0.064,6018,2.820530299270073,0.2426967699811188,-0.5329061353822351,2678,10214162,17.424,0.00033,0.982809634784538,0.013791208995723139,0.9997554041024462,0.00033,0.9994254848190923
9602613,K02612.01,1,CANDIDATE,0.856,4.61225043,11.438283,0.51,0.06,-0.05,0.004852,0.000306,-0.000215,1.035,0.043,-0.041,5495,0.549597309023408,0.04150634997601788,-0.03266639004182305,2920,9602613,4.612,0.12,0.982809634784538,0.09382873173758108,0.9981889048970491,0.12,0.8784062363094033
9602613,K02612.02,2,CANDIDATE,0.952,7.57299816,8.334758,0.53,0.06,-0.05,0.005049,0.0002819999999999,-0.000339,1.035,0.043,-0.041,5495,0.5719119565661966,0.039810902361987685,-0.04458449241656993,2921,9602613,7.573,0.66,0.982809634784538,0.14052733474857712,0.9971401422039229,0.66,0.33902764834933374
9726659,K01491.01,1,CANDIDATE,1.0,3.148661555,27.554878,2.15,0.4,-0.29,0.022587,0.003257,-0.001402,1.103,0.101,-0.091,5258,2.726575449550088,0.46574060052147254,-0.2815041700646744,1671,9726659,3.149,1.3e-05,0.982809634784538,0.012722672707965671,0.9997745994924601,1.3e-05,0.9997616024226667
5564247,K01566.01,1,FALSE POSITIVE,0.001,1.7271772580000002,13.080097,1.42,0.25,-0.11,0.018093,0.005311,-0.001301,1.208,0.152,-0.13,5394,2.3919988863579156,0.7639347439063391,-0.30959240801999494,2621,5564247,1.727,0.019,0.982809634784538,0.07330605962291951,0.9986163722910479,0.019,0.979642661217518
6634133,K02262.01,1,FALSE POSITIVE,0.0,9.94221873,22.974052,19.64,5.77,-2.65,0.196178,69.65608,-0.157727,1.072,0.081,-0.073,5213,23.015930828593,8172.167905535317,-18.571050781434444,2725,6634133,9.942,0.97,0.982809634784538,0.025926376961048984,0.99953445062689,0.97,0.029986033518806725
9205907,K02528.01,1,CANDIDATE,0.997,12.02295362,16.464874,3.28,0.95,-0.32,0.034126,0.0006889999999999,-0.008376,1.16,0.106,-0.095,5982,4.332382883211678,0.4054381259435007,-1.120986692520688,3220,9205907,12.023,0.33,0.982809634784538,0.05988588927761038,0.9988858090415662,0.33,0.6692534920578493
8081905,K02619.01,1,CANDIDATE,1.0,3.27645723,15.281276,1.71,0.52,-0.17,0.016307,0.000733,-0.0007019999999999,0.999,0.108,-0.095,5812,1.7828837025075508,0.20874109797416074,-0.18610687089501177,3049,8081905,3.276,3.5e-05,0.982809634784538,0.05813588078175222,0.9989203780586634,3.5e-05,0.9988854158454313
11599264,K01417.01,1,FALSE POSITIVE,0.0,8.428090255,188.63396,517.43,145.3,-45.63,5.886209,52.62047,-0.342099,1.125,0.118,-0.105,5761,724.7223526715486,6479.188158958977,-79.68287845349978,1904,11599264,8.428,,5.96179726351745e-22,1.748968790710912e-11,0.0,1.0,0.0
11125797,K03371.01,1,CANDIDATE,0.998,58.1263775,10.819026,1.32,0.17,-0.04,0.0147949999999999,0.000925,-0.0006889999999999,1.07,0.051,-0.048,5406,1.7325357420400083,0.13620755732257944,-0.11202887321855697,4099,11125797,58.126,0.0044,0.982809634784538,0.254518194233303,0.9940283068613578,0.0044,0.9896545823111679
11125797,K03371.02,2,CANDIDATE,1.0,12.25384348,10.144701,1.0,0.13,-0.03,0.011217,0.0004669999999999,-0.000866,1.07,0.051,-0.048,5406,1.313541968128618,0.08312905169029224,-0.11728758894656359,4100,11125797,12.254,0.0091,0.982809634784538,0.12522656192091505,0.997496102376746,0.0091,0.9884188878451177
6364582,K03456.01,1,CANDIDATE,1.0,30.8609783,11.603067,1.08,0.14,-0.05,0.011914,0.001818,-0.001653,1.223,0.055,-0.052,5627,1.594657825541153,0.2536820848034389,-0.23140570012738576,4514,6364582,30.861,0.00091,0.982809634784538,0.1490661914121262,0.9969359272345254,0.00091,0.996028715540742
6426592,K03554.01,1,CANDIDATE,0.522,394.67816267,2223.4897,52.16,12.5,-6.23,0.575438,0.010737,-0.010086,1.215,0.102,-0.092,5780,76.51705939607979,6.580403977252494,-5.947082487531427,4163,6426592,394.678,1.0,0.0,1.3114697659091357e-120,0.0,1.0,0.0
9965206,K03558.01,1,FALSE POSITIVE,0.0,16.227548674,3094.552,46.52,8.13,-3.1,0.535852,0.014128,-0.012789,1.144,0.109,-0.097,5297,67.08946615303296,6.632486511620244,-5.909587101788742,4205,9965206,16.228,1.0,0.0,3.0221809460105196e-172,0.0,1.0,0.0
8197560,K03074.01,1,FALSE POSITIVE,0.0,1.02425556,27.297668,29.83,5.58,-2.38,0.357521,4.648117,-0.142756,0.937,0.129,-0.112,5337,36.66271332099484,476.6772736995633,-15.281062927894085,3608,8197560,1.024,1.0,0.982809634784538,0.012578842501130484,0.9997771801133642,1.0,0.0
4376629,K03378.01,1,FALSE POSITIVE,0.0,27.6775212,11.441388,23.04,2.98,-0.95,0.254797,69.86195,-2.233331,0.921,0.041,-0.039,5797,25.682505874166246,7041.8017673058075,-225.11334855573313,4108,4376629,27.678,1.0,0.982809634784538,0.1433594797769182,0.997072859954143,1.0,0.0
5264304,K03563.01,1,FALSE POSITIVE,0.0,120.58167178,2436.5774,41.71,6.5,-3.04,0.567504,0.037042,-0.0547029999999999,1.099,0.098,-0.088,5294,68.25745242058898,7.5430035410844765,-8.553484695211452,4209,5264304,120.582,1.0,0.0,6.950656936313199e-135,0.0,1.0,0.0
5775129,K02802.01,1,CANDIDATE,0.988,3.84822189,14.959467000000002,1.72,0.28,-0.21,0.013198,0.000489,-0.000711,1.165,0.06,-0.056,5927,1.682741885697206,0.1067613557073181,-0.1214931215095364,3801,5775129,3.848,0.0044,0.982809634784538,0.06110169046787994,0.9988617166932173,0.0044,0.9944667251397672
7889486,K03300.01,2,FALSE POSITIVE,0.0,24.2382519,10.754355,2.19,0.66,-0.18,0.022182,0.007011,-0.002612,0.948,0.097,-0.086,5763,2.301402041152781,0.7645641386664435,-0.34209262471363583,3704,7889486,24.238,0.82,0.982809634784538,0.1453141428817634,0.9970261636528006,0.82,0.17946470945750415
7889486,K03300.02,1,FALSE POSITIVE,0.0,24.2416103,10.909596,1.61,0.49,-0.13,0.016319,0.004332,-0.001389,0.948,0.097,-0.086,5763,1.6931106261641078,0.48168082072980645,-0.21061560139700555,3705,7889486,24.242,0.026,0.982809634784538,0.14288555080583543,0.9970841498913436,0.026,0.9711599619941687
9991621,K03382.01,1,FALSE POSITIVE,0.0,18.9257333,14.665770000000002,16.74,4.08,-2.73,0.168616,70.03527,-2.452169,0.989,0.043,-0.04,5455,18.250658119934556,7580.477393071474,-265.41888754025746,4145,9991621,18.926,1.0,0.982809634784538,0.08466789117303258,0.9983820848418873,1.0,0.0
8078502,K03383.01,1,CANDIDATE,0.916,37.8862977,14.600046,2.09,0.48,-0.2,0.023418,0.00134,-0.000988,0.874,0.081,-0.073,5513,2.23998283293481,0.2439764631542312,-0.20960590416768196,4146,8078502,37.886,0.0002,0.982809634784538,0.121623110959821,0.9975781295652547,0.0002,0.9973786139393417
8543279,K03759.01,1,FALSE POSITIVE,0.0,7.549303632999999,227.33113,34.45,6.68,-2.87,0.3871159999999999,30.421940000000003,-0.076227,0.854,0.077,-0.07,5402,36.18115678089603,2843.3381859113347,-7.717039597223001,4268,8543279,7.549,1.0,3.936678565421739e-35,1.2389740666124982e-13,0.0,1.0,0.0
9899414,K03955.01,1,FALSE POSITIVE,0.0,1.3325647040000002,24.753668,30.04,9.73,-3.25,0.282994,0.279485,-0.158408,0.99,0.103,-0.09,6046,30.661675141895294,30.449051061339976,-17.387977972080638,4331,9899414,1.333,1.0,0.982809634784538,0.017421466652343547,0.9996898775970721,1.0,0.0
4150496,K04046.01,1,FALSE POSITIVE,0.0,8.65312868,18.872547,20.38,6.26,-2.07,0.209028,7.06905,-0.072762,1.193,0.106,-0.095,5880,27.291560228857286,922.967591354769,-9.7455169804776,5436,4150496,8.653,1.0,0.982809634784538,0.04186565146261608,0.9992357294199667,1.0,0.0
4150496,K04046.02,3,FALSE POSITIVE,0.0,94.22498,13.463907,1.84,0.57,-0.19,0.01888,0.003234,-0.002081,1.193,0.106,-0.095,5880,2.4650508884973577,0.47566981412098386,-0.33519358535529614,5437,4150496,94.225,0.16,0.982809634784538,0.340685124866845,0.9909619238608006,0.16,0.8324080160430725
6198182,K02636.01,1,CANDIDATE,0.957,3.88148385,15.536409,0.59,0.09,-0.04,0.005515,0.000385,-0.000266,0.993,0.042,-0.04,5854,0.5993468414139189,0.04892058008879212,-0.03766346450758765,2967,6198182,3.881,0.017,0.982809634784538,0.057056258535557236,0.998941640517612,0.017,0.9819596326288126
6211812,K02638.01,1,CANDIDATE,0.97,2.524017517,15.191005,1.5,0.31,-0.17,0.01576,0.0010789999999999,-0.000359,0.824,0.068,-0.062,5420,1.421238228039265,0.15239517216213497,-0.11173100352677534,2969,6211812,2.524,0.041,0.982809634784538,0.057907266588940735,0.9989248845338113,0.041,0.957968964267925
9636563,K02892.01,1,FALSE POSITIVE,0.0,10.63609504,17.478907,1.36,0.28,-0.11,0.015415,0.000742,-0.000535,0.974,0.08,-0.073,5546,1.6431830318713818,0.15643254407914595,-0.1357177715166599,3509,9636563,10.636,0.014,0.982809634784538,0.05158101262595905,0.999048726667692,0.014,0.9850620444943442
9020114,K03088.01,1,CANDIDATE,1.0,3.48412874,11.505404,1.16,0.17,-0.05,0.011556,0.000694,-0.000605,1.034,0.052,-0.049,5696,1.307710249307828,0.10243426090970469,-0.09234520101630841,3690,9020114,3.484,0.014,0.982809634784538,0.09113862288605229,0.9982460366586864,0.014,0.9842705921454648
6615511,K03306.01,1,CANDIDATE,1.0,25.1593389,11.736576,1.76,0.53,-0.17,0.017285,0.000763,-0.001249,1.202,0.117,-0.104,5973,2.2738264140762645,0.24302498804662903,-0.2563231400753091,4504,6615511,25.159,9.2e-05,0.982809634784538,0.13265449414378264,0.9973248660470821,9.2e-05,0.9972331121594058
7353970,K03574.01,1,FALSE POSITIVE,0.0,198.443477,1705.5354,41.72,4.23,-2.79,0.440177,0.042294,-0.038618,1.088,0.047,-0.044,5420,52.413081915932544,5.52162861761703,-5.0633719062953615,4254,7353970,198.443,1.0,0.0,1.0183052200104978e-93,0.0,1.0,0.0
4673628,K04056.01,1,CANDIDATE,0.838,3.951383138,16.476116,23.51,5.67,-3.06,0.23944,6.708576,-0.124795,1.247,0.095,-0.086,5570,32.677333686131384,915.5495610554161,-17.179726226315868,5480,4673628,3.951,0.99,0.982809634784538,0.05101746822331428,0.9990596784645714,0.99,0.009990596784645723
6933567,K02643.01,1,CANDIDATE,0.918,9.08233411,15.25862,1.35,0.24,-0.13,0.015633,0.000831,-0.000724,0.826,0.065,-0.06,5354,1.4132071656493834,0.134203738042043,-0.12174338918959625,3005,6933567,9.082,0.0014,0.982809634784538,0.06530264853605967,0.9987779879686624,0.0014,0.9973796987855063
8554701,K03315.01,1,CANDIDATE,0.974,31.1748311,14.219389,1.31,0.4,-0.14,0.0129889999999999,0.000609,-0.000483,0.983,0.042,-0.04,6086,1.3973741026774371,0.08864046900718775,-0.07702772548211674,4548,8554701,31.175,0.00013,0.982809634784538,0.11219703451183262,0.9977895510721781,0.00013,0.9976598384305388
9892471,K03584.01,1,FALSE POSITIVE,0.0,8.268081087,2061.6868,50.31,14.89,-4.97,0.499643,0.425502,-0.033201,1.059,0.103,-0.092,5749,57.908087649587834,49.63580840462595,-6.33364445552932,4297,9892471,8.268,0.99,0.0,3.7494369283782716e-115,0.0,0.99,0.0
8823833,K03968.01,1,FALSE POSITIVE,0.0,1.50650136,24.682170000000003,0.8,0.17,-0.14,0.007725,0.00106,-0.000239,0.853,0.063,-0.057,5607,0.7211589121098667,0.11237893819516119,-0.053104439424713795,4369,8823833,1.507,1.0,0.982809634784538,0.017640841473993907,0.9996859023428389,1.0,0.0
8753657,K00321.01,1,CANDIDATE,1.0,2.426304127,65.83189,1.41,0.21,-0.08,0.0132719999999999,0.001123,-0.000856,1.077,0.046,-0.044,5678,1.5643557829096282,0.14827433124191977,-0.11943413333718436,173,8753657,2.426,0.0052,0.982809634784538,9.662422913214607e-05,0.9999983097781732,0.0052,0.9947983185673267
8753657,K00321.02,2,CANDIDATE,0.996,4.62334491,20.600616,0.77,0.12,-0.05,0.007238,0.000169,-0.000346,1.077,0.046,-0.044,5678,0.8531349575572613,0.04152782826550686,-0.05364733080983265,174,8753657,4.623,1.5e-05,0.982809634784538,0.031228617181256496,0.9994361713362284,1.5e-05,0.9994211797936584
10332213,K02919.01,1,CANDIDATE,1.0,2.522590567,11.662024,25.82,6.66,-2.23,0.274887,48.20747,-0.97084,0.908,0.069,-0.063,5591,27.316402654983637,4790.5313278738,-96.49409913258633,3637,10332213,2.523,1.0,0.982809634784538,0.08788054371321789,0.9983147795768335,1.0,0.0
12072872,K03017.01,1,CANDIDATE,0.98,2.46288834,10.592159,0.67,0.18,-0.12,0.006346,0.000453,-0.0003129999999999,0.895,0.038,-0.036,5893,0.6215936350050341,0.051627089147452676,-0.039561038388140686,4077,12072872,2.463,0.51,0.982809634784538,0.09932135661245062,0.9980711943211321,0.51,0.48905488521735474
5881813,K02744.01,1,CANDIDATE,0.987,109.6469948,22.06446,4.85,0.73,-1.7,0.030575,0.005278,-0.003381,0.939,0.053,-0.05,5337,3.142067521787692,0.5706560352054565,-0.3856357633437904,3541,5881813,109.647,0.0036,0.982809634784538,0.19265528889567868,0.9958261423851665,0.0036,0.9922411682725799
5881813,K02744.02,2,CANDIDATE,0.579,11.615625,8.123982,2.84,0.43,-1.0,0.017915,0.000517,-0.006254,0.939,0.053,-0.05,5337,1.8410511742543418,0.11670911088725305,-0.650131566634726,3542,5881813,11.616,0.27,0.982809634784538,0.15447895383709132,0.9968043397870718,0.27,0.7276671680445624
6974658,K02925.01,1,CANDIDATE,0.999,0.7165318509999999,14.491310999999998,1.11,0.33,-0.2,0.009893,0.000392,-0.001756,0.858,0.036,-0.034,5552,0.9289637185061668,0.05361124231068394,-0.16894957477174855,3677,6974658,0.717,0.13,0.982809634784538,0.06077933399399381,0.9988681105940714,0.13,0.8690152562168422
12208887,K03333.01,1,FALSE POSITIVE,0.0,53.501860974,4289.295999999999,55.23,9.74,-4.51,0.676104,0.005039,-0.005057,1.145,0.116,-0.103,5436,84.72321890825573,8.606508053690906,-7.647689706052494,4640,12208887,53.502,1.0,0.0,4.9279415696071225e-238,0.0,1.0,0.0
6137704,K03605.01,1,FALSE POSITIVE,0.0,178.26802035,1105.5472,34.07,3.57,-3.58,0.448226,0.041325,-0.039116,1.023,0.076,-0.069,5126,50.18294381585074,5.941848310625473,-5.5349560859482505,4388,6137704,178.268,1.0,0.0,1.0778884282705191e-60,0.0,1.0,0.0
5551504,K03989.01,1,FALSE POSITIVE,0.001,1.204529346,14.231704,1.4,0.51,-0.61,0.008551,0.000426,-0.0007099999999999,1.144,0.086,-0.078,5340,1.0705978984394662,0.09655084127244754,-0.11502300022268994,5209,5551504,1.205,0.00079,0.982809634784538,0.06329508765490438,0.9988180940853297,0.00079,0.9980290277910023
10259301,K03608.01,1,FALSE POSITIVE,0.0,244.83274973,1007.85223,38.3,11.38,-4.86,0.353195,0.176698,-0.071714,1.239,0.054,-0.051,6105,47.892698605981,24.05072670177274,-9.922120121101733,4391,10259301,244.833,1.0,0.0,1.1026425053730536e-54,0.0,1.0,0.0
6964159,K03129.01,1,FALSE POSITIVE,0.0,25.503628,11.2608,1.61,0.47,-0.16,0.016771,0.000118,-0.004122,0.957,0.076,-0.069,5815,1.7565250688868612,0.14004056436384135,-0.44991378114791336,3865,6964159,25.504,0.0037,0.982809634784538,0.14064409385934318,0.9971373771644094,0.0037,0.9934479688689011
7117003,K03514.01,1,FALSE POSITIVE,0.0,428.32173928,7372.316,49.76,11.17,-5.56,0.565342,0.001979,-0.002257,1.215,0.092,-0.083,5662,75.17457552872516,5.698310716721481,-5.144144650866117,4747,7117003,428.322,0.92,0.0,0.0,,0.92,
3747817,K04103.01,1,CANDIDATE,0.999,184.77271,16.886051000000002,2.41,0.22,-0.1,0.027576,0.0013599999999999,-0.000793,0.989,0.046,-0.044,5273,2.9847710081802163,0.20234064247474673,-0.15811580221064603,4962,3747817,184.773,0.00071,0.982809634784538,0.6857192794515445,0.9618368408804484,0.00071,0.9611539367234233
3747817,K04103.02,2,CANDIDATE,0.868,14.2378417,7.9679656,1.1,0.1,-0.04,0.012587,0.002031,-0.000569,0.989,0.046,-0.044,5273,1.3623916695664484,0.22878202672373815,-0.08641076701549089,4963,3747817,14.238,0.037,0.982809634784538,0.16445684357174165,0.9965573033074904,0.037,0.9596846830851132
7903086,K02761.01,1,FALSE POSITIVE,0.0,1.846861455,19.478437,2.23,0.62,-0.16,0.023754,0.006267,-0.000656,1.039,0.1,-0.089,5591,2.7010694774414796,0.7585593842851602,-0.24309894219004766,3627,7903086,1.847,1.0,0.982809634784538,0.03390848221599547,0.9993860884844633,1.0,0.0
8686097,K00374.01,1,CANDIDATE,0.992,172.70460830000002,79.35191999999999,2.85,0.45,-0.44,0.023415,0.000463,-0.0001889999999999,1.224,0.052,-0.049,5851,3.1365992593757865,0.14698100740865122,-0.12809345181581291,438,8686097,172.705,3.6e-05,0.9828086856481031,0.0006004756715150965,0.9999894901534807,3.6e-05,0.9999534905318351
2989706,K02692.01,1,FALSE POSITIVE,0.0,1.257689465,38.528683,2.45,0.61,-0.24,0.028494,0.000705,-0.000719,1.105,0.103,-0.092,5676,3.4458720990120812,0.3323216430794775,-0.299783041912347,3965,2989706,1.258,0.088,0.982809634784538,0.003050379004958913,0.9999464824419627,0.088,0.91195119198707
3241557,K02863.01,1,FALSE POSITIVE,0.0,1.703359172,11.803434,0.69,0.21,-0.07,0.006997,0.000459,-0.000279,1.143,0.05,-0.047,6026,0.875269026035112,0.0690125292868216,-0.05013387295243871,4073,3241557,1.703,0.0036,0.982809634784538,0.08510895303711799,0.9983728725618359,0.0036,0.9947787302206132
8827575,K03052.01,1,CANDIDATE,0.977,10.12956201,12.274704,0.78,0.07,-0.04,0.008451,0.0002279999999999,-0.000743,1.134,0.048,-0.045,5383,1.0488288185565064,0.05264590603217149,-0.10116921635774745,3515,8827575,10.13,0.51,0.982809634784538,0.09454873508250063,0.9981735560823005,0.51,0.48910504248032727
8827575,K03052.02,2,CANDIDATE,0.87,15.6112238,11.277081,0.91,0.09,-0.05,0.009854,0.000226,-0.00072,1.134,0.048,-0.045,5383,1.2229510327837905,0.058875540961378356,-0.10168495914412733,3516,8827575,15.611,0.12,0.982809634784538,0.1173178273876844,0.9976752548274779,0.12,0.8779542242481805
8104030,K03269.01,1,FALSE POSITIVE,0.0,46.84008579,149.6703,428.62,123.9,-82.47,3.720483,66.33291,-1.3992,1.159,0.103,-0.093,6006,471.91764516311673,8413.977314134063,-181.47367766115693,3617,8104030,46.84,,5.363712273106295e-11,5.586313765342786e-09,0.0,1.0,0.0
7091432,K03353.01,1,CANDIDATE,1.0,11.55532445,14.371882,1.7,0.21,-0.18,0.019441,0.0003399999999999,-0.005256,1.014,0.076,-0.069,5149,2.1574463805373774,0.1660458047286675,-0.6014713545703804,4734,7091432,11.555,0.00018,0.982809634784538,0.0760894594318776,0.9985595099093582,0.00018,0.9983797691975745
7288306,K03443.01,1,CANDIDATE,0.985,96.169569,17.212970000000002,2.07,0.33,-0.14,0.0269839999999999,0.001402,-0.0008,1.05,0.095,-0.086,5340,3.1008380380065326,0.32352072169781065,-0.2700996607944381,4431,7288306,96.17,0.0016,0.982809634784538,0.25044614779774205,0.9941557711512937,0.0016,0.9925651219174516
7769819,K02778.01,1,CANDIDATE,1.0,2.21571296,17.881384,1.7,0.36,-0.25,0.0172289999999999,0.002531,-0.002032,0.842,0.07,-0.063,5417,1.5876531088912569,0.267989659896777,-0.22175094870241785,3710,7769819,2.216,0.0014,0.982809634784538,0.04154962142496633,0.9992417487480914,0.0014,0.9978428102998441
8681833,K02865.01,1,CANDIDATE,0.982,1.3115589090000002,15.153018,1.15,0.35,-0.12,0.010897,0.000487,-0.000507,1.064,0.093,-0.084,5926,1.2689135485779008,0.124567729908555,-0.11627990610794457,3411,8681833,1.312,9.5e-05,0.982809634784538,0.056802693360274645,0.9989466272604324,9.5e-05,0.9988517273308427
5966322,K00303.01,1,CANDIDATE,0.995,60.92818866,81.35701999999999,2.78,0.39,-0.38,0.024899,0.000574,-0.000221,1.015,0.043,-0.041,5638,2.7658677030109486,0.13339974025784573,-0.11439005756959097,80,5966322,60.928,0.00076,0.9828096347839599,4.524751007949667e-05,0.9999992085380608,0.00076,0.9992392091395719
7613246,K03062.01,1,FALSE POSITIVE,0.0,0.769127296,10.262899,0.9,0.25,-0.07,0.009903,0.0007,-0.000374,1.22,0.102,-0.092,6024,1.3222393125471934,0.14476266855427758,-0.111515341105648,3562,7613246,0.769,0.015,0.982809634784538,0.09991694837396978,0.9980583440606594,0.015,0.9830874688997495
10484409,K03366.01,1,FALSE POSITIVE,0.001,10.6784787,8.515262,1.12,0.25,-0.1,0.012911,0.0014119999999999,-0.000709,0.871,0.069,-0.063,5459,1.2307263295526052,0.16619911615572616,-0.11176808783318949,4782,10484409,10.678,0.23,0.982809634784538,0.1456397451334577,0.997018364354277,0.23,0.7677041405527933
10798838,K03449.01,1,FALSE POSITIVE,0.0,62.127677128,830.7088,38.61,6.7,-5.02,0.438163,0.042694,-0.052608,1.106,0.085,-0.077,5344,53.03643012279764,6.581808162530672,-7.360906557699347,4473,10798838,62.128,0.99,7.399240610618867e-245,1.557035931895808e-46,0.0,0.99,0.0
6756202,K03547.01,1,FALSE POSITIVE,0.0,290.7778719,3444.8755,45.27,6.05,-4.07,0.564828,0.0193419999999999,-0.027156,0.984,0.074,-0.067,5207,60.82677230153536,5.026288221761251,-5.070085203083403,4156,6756202,290.778,0.99,0.0,3.777371650206662e-189,0.0,0.99,0.0
2307206,K03549.01,1,FALSE POSITIVE,0.0,204.0329342,2607.3408,57.35,12.53,-4.98,0.65162,0.005945,-0.007934,1.249,0.123,-0.109,5553,89.07181450824314,8.809246322635236,-7.8485719492556765,4158,2307206,204.033,0.95,0.0,1.401211920329486e-143,0.0,0.95,0.0
7620844,K03551.01,1,FALSE POSITIVE,0.0,58.621578824,2771.4924,40.43,4.96,-4.52,0.51068,0.026124,-0.026976,0.967,0.076,-0.069,5232,54.045405470047825,5.068127642014848,-4.798135079486662,4160,7620844,58.622,0.98,0.0,5.552724304464142e-154,0.0,0.98,0.0
9943435,K02788.01,1,FALSE POSITIVE,0.0,0.777663575,19.104475,0.95,0.24,-0.09,0.010684,0.0002839999999999,-0.000389,1.142,0.087,-0.079,5769,1.3353141123835892,0.10774181376421126,-0.10438620193978998,3753,9943435,0.778,0.0023,0.982809634784538,0.03474908102059484,0.9993703215967975,0.0023,0.9970717698571249
7019524,K02877.01,1,CANDIDATE,0.981,5.30873978,13.079889,1.08,0.33,-0.12,0.010322,0.000503,-0.000439,0.954,0.073,-0.066,5914,1.0776945462496852,0.09776771555499815,-0.08751946715918944,3460,7019524,5.309,0.00021,0.982809634784538,0.07854243647570633,0.9985091129979895,0.00021,0.9982994260842599
8223655,K05488.01,1,FALSE POSITIVE,0.0,280.16049560000005,53.81772,19.25,3.54,-1.52,0.220656,6.795054,-0.100709,0.91,0.085,-0.077,5387,21.975592290460607,676.7367450285923,-10.200731657180262,5890,8223655,280.16,0.97,0.9828096272178047,0.1274642832860018,0.9974448218358399,0.97,0.029923344655075224
10141271,K05768.01,1,FALSE POSITIVE,0.0,15.403276500000002,8.251826,1.32,0.17,-0.15,0.01518,0.007903,-0.0011769999999999,1.043,0.087,-0.079,5272,1.7327644755222753,0.9136158334505617,-0.1878182150518083,5585,10141271,15.403,0.00062,0.982809634784538,0.16283369193397526,0.996597890981567,0.00062,0.9959800002891586
7801070,K04361.01,1,CANDIDATE,0.974,75.87813440000001,11.199573,3.39,0.91,-0.49,0.031915,0.000401,-0.0037939999999999,1.157,0.092,-0.084,5579,4.04121227402152,0.32532793948571787,-0.5629196779810149,5230,7801070,75.878,0.39,0.982809634784538,0.3199717573303906,0.9917699893982683,0.39,0.6049796935329437
5872150,K00414.02,2,FALSE POSITIVE,0.017,5.92240377,35.469359999999995,2.77,0.86,-0.37,0.023559,0.001201,-0.004463,1.157,0.09,-0.082,6081,2.9831402150610367,0.27744283988785745,-0.6033781100910747,594,5872150,5.922,0.00075,0.982809634784538,0.004955429977715832,0.9999128927089472,0.00075,0.9991629580394155
5872150,K00414.01,1,FALSE POSITIVE,0.0,20.35509657,1482.9528,17.53,5.44,-2.33,0.149056,0.000118,-0.000145,1.157,0.09,-0.082,6081,18.874101103448275,1.468242925848872,-1.337789172955963,593,5872150,20.355,0.021,0.0,5.1815208654687016e-83,0.0,0.021,0.0
3732894,K04476.01,1,FALSE POSITIVE,0.0,1.5403795569999998,12.967635,0.81,0.2,-0.13,0.00812,0.00044,-0.000419,0.838,0.064,-0.058,5812,0.7447036861313869,0.06973617134988311,-0.0642909185318111,4932,3732894,1.54,0.00038,0.982809634784538,0.07401787339069661,0.9986018631014851,0.00038,0.9982223943935066
6276791,K04477.01,2,CANDIDATE,0.999,5.30179786,8.380222,1.22,0.33,-0.11,0.012946,0.000607,-0.000878,1.095,0.094,-0.085,5749,1.5514335450226526,0.1517530277454732,-0.1599204086742868,4933,6276791,5.302,0.0011,0.982809634784538,0.1342364269273561,0.997288018186024,0.0011,0.9961910013660193
6276791,K04477.02,1,CANDIDATE,0.973,9.32867952,11.328061,1.62,0.44,-0.15,0.017152,0.001098,-0.000752,1.095,0.094,-0.085,5749,2.0554756808457086,0.22011208920342218,-0.18324842661479812,4934,6276791,9.329,0.0035,0.982809634784538,0.10382267148458721,0.997973652407039,0.0035,0.9944807446236144
9413156,K04700.01,1,CANDIDATE,1.0,3.83488354,9.321168,1.2,0.26,-0.11,0.0142189999999999,0.000946,-0.001009,0.855,0.082,-0.073,5515,1.330511475349223,0.15530196881569677,-0.14771244200599074,4996,9413156,3.835,0.084,0.982809634784538,0.1177031676137654,0.9976666003476361,0.084,0.9138626059184347
9413156,K04700.02,2,CANDIDATE,0.573,66.47762,7.323951200000001,1.83,0.39,-0.16,0.021656,0.001049,-0.001939,0.855,0.082,-0.073,5515,2.0264123011578157,0.21772763373708431,-0.25070683392287313,4997,9413156,66.478,0.0035,0.982809634784538,0.38767258746184585,0.9889261894642287,0.0035,0.9854649478011039
8625732,K04701.01,1,FALSE POSITIVE,0.0,31.97181,8.885191,0.95,0.26,-0.08,0.010165,0.0007599999999999,-0.000536,0.891,0.069,-0.063,5632,0.9912165453530077,0.10669804234362419,-0.08742922181849819,5031,8625732,31.972,0.1,0.982809634784538,0.20214411041162852,0.9955684838603243,0.1,0.8960116354742919
4914709,K06470.01,1,FALSE POSITIVE,0.0,8.65303996,11.460257,1.88,0.31,-0.18,0.020507,0.001101,-0.001405,0.91,0.077,-0.07,5301,2.042334997011075,0.20466469551932584,-0.21038248394578316,6810,4914709,8.653,0.9,0.982809634784538,0.10098165684023766,0.9980353298932149,0.9,0.09980353298932146
12108364,K04592.01,1,FALSE POSITIVE,0.0,0.70544189,10.579472,1.04,0.31,-0.1,0.010659,0.0003549999999999,-0.000776,0.998,0.094,-0.084,5838,1.1642076779826327,0.11630828516779049,-0.12955956513745567,5334,12108364,0.705,1.2e-05,0.982809634784538,0.09623388912965376,0.9981375368730839,1.2e-05,0.9981255592226415
10525077,K05800.01,1,CANDIDATE,0.989,11.006795,9.177401,1.34,0.42,-0.19,0.011693,0.000108,-0.001411,1.156,0.099,-0.09,6091,1.479337408066952,0.1274253401454144,-0.2124418975082938,5595,10525077,11.007,0.0089,0.982809634784538,0.1362645654888149,0.9972405794318776,0.0089,0.9883651382749339
5551228,K04154.02,1,FALSE POSITIVE,0.0,122.906853,21.024153,3.55,1.01,-0.33,0.03757,0.000806,-0.012117,1.239,0.112,-0.101,5692,5.094434198181475,0.47330519088764345,-1.6947163324929315,5175,5551228,122.907,0.71,0.982809634784538,0.264129436932561,0.9937218588810438,0.71,0.28817933907550275
12554634,K04714.01,1,CANDIDATE,1.0,2.049602348,9.185251,1.08,0.18,-0.08,0.012687,0.0009199999999999,-0.000906,0.852,0.068,-0.061,5356,1.182992497294236,0.1275682779390565,-0.11962651764159972,5041,12554634,2.05,0.091,0.982809634784538,0.11565378264752373,0.9977125415335344,0.091,0.9069207002539827
3745690,K00442.01,1,CANDIDATE,0.982,13.54057461,42.19916,2.17,0.31,-0.26,0.019582,0.000507,-0.000359,1.085,0.049,-0.047,5767,2.325253142933551,0.12104483681454613,-0.10937471737667544,139,3745690,13.541,0.00033,0.982809634784538,0.0024699289355756358,0.9999566913985363,0.00033,0.9996267056903747
3745690,K00442.02,2,CANDIDATE,1.0,1.7323464030000002,33.456579999999995,1.37,0.19,-0.16,0.0123349999999999,0.000393,-0.0002299999999999,1.085,0.049,-0.047,5767,1.4647123643185131,0.08095285674970354,-0.06907675522312885,140,3745690,1.732,1.6e-05,0.982809634784538,0.005863282788715878,0.999896840215826,1.6e-05,0.9998808418663826
3745690,K00442.03,3,CANDIDATE,0.868,7.0257409,15.921431,1.56,0.23,-0.18,0.014129,0.002189,-0.001547,1.085,0.049,-0.047,5767,1.677739845598414,0.2707495586752375,-0.19755165157033683,141,3745690,7.026,0.0014,0.982809634784538,0.05794968507992543,0.9989240485398126,0.0014,0.9975255548718569
7219906,K06033.01,1,FALSE POSITIVE,0.0,35.08976902,247.66399,33.1,8.61,-2.86,0.358269,1.163272,-0.146752,1.12,0.086,-0.078,5603,43.914779841429656,142.62779288787348,-18.24624809141652,6032,7219906,35.09,1.0,8.727843216423455e-44,1.648510061854516e-14,0.0,1.0,0.0
2161949,K06259.01,1,CANDIDATE,0.813,4.78113942,8.089111,1.14,0.31,-0.22,0.009326,0.000654,-0.000727,1.047,0.08,-0.073,5683,1.0686255372829094,0.11082853808021949,-0.11176281386587086,6792,2161949,4.781,0.016,0.982809634784538,0.1373124078150773,0.9972159827034053,0.016,0.9812605269801508
2161949,K06259.02,2,CANDIDATE,0.967,7.18864064,7.6470246,1.3,0.36,-0.24,0.010693,0.000681,-0.000924,1.047,0.08,-0.073,5683,1.225264086442864,0.12187698885760286,-0.1360444663983846,6793,2161949,7.189,0.39,0.982809634784538,0.15041139256263292,0.9969033811708993,0.39,0.6081110625142485
6186182,K04496.01,1,CANDIDATE,0.967,96.384483,9.164617,2.41,0.74,-0.24,0.022095,0.001442,-0.001471,0.884,0.075,-0.068,5919,2.1376161726025673,0.22880926053524833,-0.21746547590156518,4981,6186182,96.384,0.0012,0.982809634784538,0.48246937622904046,0.9836939264309202,0.0012,0.9825134937192032
2976017,K04849.01,1,CANDIDATE,0.994,3.19938075,8.471165,0.62,0.1,-0.04,0.008036,0.0004799999999999,-0.000674,0.808,0.06,-0.055,5483,0.7106156118801913,0.06772126766302805,-0.07675977317521185,6185,2976017,3.199,0.014,0.982809634784538,0.12793085206755156,0.997434097981765,0.014,0.9834700206100202
6511182,K05288.01,1,CANDIDATE,0.994,29.5632952,7.9092245,1.9,0.51,-0.16,0.0210169999999999,0.00158,-0.001464,0.885,0.073,-0.066,5595,2.0356234750975237,0.22718448755379012,-0.2077317870576608,5579,6511182,29.563,0.15,0.982809634784538,0.21434667939198956,0.995227988213517,0.15,0.8459437899814894
4078311,K04166.01,1,CANDIDATE,1.0,9.84262076,14.454476,2.41,0.58,-0.21,0.022683,0.001133,-0.001009,1.031,0.087,-0.079,5585,2.559426213834004,0.2509753021285569,-0.22676633582972283,5221,4078311,9.843,0.0057,0.982809634784538,0.07290377902237544,0.998624562286375,0.0057,0.9929324022813426
6525280,K04277.01,1,FALSE POSITIVE,0.0,1.7103198119999998,16.312979000000002,0.56,0.07,-0.03,0.006258,8.3e-05,-0.000398,1.176,0.051,-0.048,5774,0.8054272819028441,0.03652623440270926,-0.06086575997211364,4927,6525280,1.71,0.23,0.982809634784538,0.04977669426289507,0.9990837456039151,0.23,0.7692944841150147
5444548,K00409.01,1,CANDIDATE,1.0,13.24931848,74.35540999999999,2.86,0.43,-0.34,0.0243229999999999,0.001754,-0.001066,1.068,0.049,-0.046,5799,2.8429671933677207,0.242990490560423,-0.17469601961011075,587,5444548,13.249,0.00043,0.982809634784538,4.0866450007157505e-05,0.9999992851739685,0.00043,0.9995692854813437
6520753,K04504.01,1,CANDIDATE,0.995,4.13029832,10.777867,1.44,0.33,-0.14,0.016301,0.001241,-0.001231,0.876,0.075,-0.068,5490,1.5627942664862822,0.1790473749017697,-0.16924796589711727,5023,6520753,4.13,0.00017,0.982809634784538,0.10031797031985,0.9980496821797555,0.00017,0.997880013733785
6520753,K04504.02,2,CANDIDATE,0.809,8.119342999999999,9.522111,1.5,0.34,-0.15,0.016902,0.001455,-0.001299,0.876,0.075,-0.068,5490,1.6204127778756607,0.19673648635230082,-0.17700657485954968,5024,6520753,8.119,0.048,0.982809634784538,0.12447736028169618,0.9975132124334498,0.048,0.9496325782366442
7266212,K04737.01,1,CANDIDATE,0.994,7.79534033,8.4187355,1.07,0.35,-0.12,0.009322,0.000538,-0.000739,1.185,0.094,-0.085,6156,1.2089571402277877,0.11859630464783093,-0.12924925735998524,5079,7266212,7.795,0.00075,0.982809634784538,0.13979707030451827,0.9971574189864936,0.00075,0.9964095509222537
9583881,K00467.01,1,CANDIDATE,1.0,18.00932214,230.01062,4.96,1.57,-0.39,0.05176,0.002682,-0.0013599999999999,1.077,0.084,-0.076,5815,6.100893258243141,0.5712741870886255,-0.4593934886970482,351,9583881,18.009,7.2e-06,1.078793311175952e-36,1.0951653060501092e-13,0.0,7.2e-06,0.0
7830321,K06044.01,1,FALSE POSITIVE,0.0,2.027383251,80.96738,31.12,8.28,-4.84,0.3256739999999999,6.036745,-0.050052,1.234,0.106,-0.096,5544,43.98268150975332,815.2787255671263,-7.576265575863968,6079,7830321,2.027,1.0,0.982809634784538,1.3925469358682601e-05,0.99999975642563,1.0,0.0
5802637,K04398.01,1,CANDIDATE,0.979,7.3422467,10.581186,1.6,0.34,-0.14,0.017463,0.001096,-0.001074,0.838,0.072,-0.065,5573,1.6015714865655675,0.1704077039445529,-0.15853824163025138,5365,5802637,7.342,0.047,0.982809634784538,0.10892844442312109,0.997861819230244,0.047,0.9509623137264225
4545570,K04506.01,1,CANDIDATE,0.997,5.60473115,10.654026,1.11,0.19,-0.09,0.013128,0.000795,-0.000789,0.893,0.075,-0.068,5401,1.2830201662471683,0.13284658669876198,-0.12446331150842038,5026,4545570,5.605,0.00093,0.982809634784538,0.10459245780826221,0.9979568732094596,0.00093,0.9970287733173748
11805075,K00436.01,1,CANDIDATE,0.804,199.83920527,624.0963,21.48,4.95,-1.75,0.2263929999999999,0.003101,-0.0031079999999999,1.22,0.095,-0.086,5457,30.227781953498603,2.389941089810351,-2.170843394016814,96,11805075,199.839,0.9,1.068410347265043e-182,7.492806927837047e-34,0.0,0.9,0.0
11152511,K05874.01,1,CANDIDATE,0.534,287.33114,15.635027,2.07,0.26,-0.25,0.018829,0.000332,-0.001241,1.203,0.052,-0.05,5422,2.4789989249150515,0.11572769519495357,-0.1931624660581,5719,11152511,287.331,0.97,0.982809634784538,0.9504191939153427,0.6647125380504546,0.97,0.019941376141513655
11904151,K00072.01,2,FALSE POSITIVE,0.0,0.837491225,30.367825,1.43,0.08,-0.06,0.012545,0.00026,-0.000149,1.087,0.046,-0.044,5676,1.492394587764284,0.07032300219406393,-0.06295655899143356,525,11904151,0.837,0.00017,0.982809634784538,0.008507958832831149,0.999849909969593,0.00017,0.9996799354848982
11904151,K00072.02,1,CANDIDATE,0.982,45.29422297,93.40869,2.26,0.12,-0.09,0.019806,0.000328,-0.000128,1.087,0.046,-0.044,5676,2.356187102850491,0.10707292650646816,-0.09658256823861422,526,11904151,45.294,9.9e-05,0.9828096339557234,7.031057902491315e-06,0.9999998770185958,9.9e-05,0.999900877030771
6869373,K05331.01,1,CANDIDATE,0.884,31.5034587,7.505692999999999,1.17,0.11,-0.05,0.012966,0.001021,-0.001235,1.122,0.067,-0.063,5268,1.592143946073496,0.157344898057402,-0.1760394762442177,5665,6869373,31.503,0.11,0.982809634784538,0.2301933748012709,0.9947696967015843,0.11,0.88534503006441
9141355,K05622.01,1,CANDIDATE,0.954,469.61309000000006,13.892415,3.24,0.64,-0.28,0.038837,0.000267,-0.0070819999999999,0.863,0.054,-0.051,5474,3.6680895225113264,0.23090243458378454,-0.7031313963195966,6066,9141355,469.613,0.0011,0.9828096347011358,0.9924453081300724,0.0,0.0011,0.0
7661893,K04296.01,1,CANDIDATE,0.992,2.49385348,10.817567,0.59,0.06,-0.05,0.006317,0.000397,-0.000367,0.97,0.041,-0.038,5615,0.670603887647873,0.050790190848190545,-0.04699007736120709,5010,7661893,2.494,0.35,0.982809634784538,0.09683929717192534,0.9981245638019656,0.35,0.6487809664712776
12107008,K04297.01,1,FALSE POSITIVE,0.0,5.93725628,14.451204999999998,0.86,0.13,-0.12,0.009854,0.000398,-0.0005099999999999,1.06,0.079,-0.072,5428,1.143146468034231,0.09690346006051503,-0.09761953470964263,5011,12107008,5.937,0.68,0.982809634784538,0.06761679437335451,0.9987315427546372,0.68,0.31959409368148384
9873759,K04635.01,1,FALSE POSITIVE,0.0,4.99473798,15.130614,0.82,0.17,-0.06,0.009222,0.000177,-0.000655,0.884,0.065,-0.059,5406,0.8921971642335765,0.0678008480559197,-0.0869568275977835,5470,9873759,4.995,0.47,0.982809634784538,0.061221902450908534,0.9988593311793044,0.47,0.5293954455250314
5171707,K06532.01,1,CANDIDATE,1.0,0.813998812,9.265632,1.36,0.38,-0.2,0.012555,0.001396,-0.0007019999999999,1.094,0.097,-0.087,5705,1.5032025184054871,0.21377710415547665,-0.14613222088836614,6282,5171707,0.814,0.12,0.982809634784538,0.1120248604292024,0.9977933710960546,0.12,0.8780581665645281
8773015,K04301.01,1,CANDIDATE,0.999,15.604841,13.681894,1.57,0.32,-0.48,0.008408,0.001667,-0.000583,1.156,0.049,-0.047,6254,1.0637363317392396,0.21566619274183066,-0.08550274104269745,5015,8773015,15.605,0.0036,0.982809634784538,0.08911868161751782,0.9982887137681874,0.0036,0.9946948743986219
8773015,K04301.02,3,CANDIDATE,0.978,6.31915999,8.191573,1.04,0.21,-0.32,0.005591,0.000145,-0.000579,1.156,0.049,-0.047,6254,0.7073441758746538,0.03514941228145797,-0.07869519245742135,5016,8773015,6.319,0.0002,0.982809634784538,0.13957745483399714,0.9971626089694248,0.0002,0.9969631764476309
11076276,K04645.01,1,FALSE POSITIVE,0.0,1.4725859,11.240246,0.93,0.31,-0.1,0.008525,0.000591,-0.000391,1.22,0.103,-0.093,6077,1.1382500393279638,0.1243447131142256,-0.10126297111932242,4817,11076276,1.473,0.00034,0.982809634784538,0.0904662455224223,0.9982602636253183,0.00034,0.9979208551356856
7103919,K04310.01,1,CANDIDATE,0.986,10.7769944,11.672962,1.15,0.25,-0.17,0.012328,0.00084,-0.00073,0.966,0.074,-0.067,5455,1.3033264462622702,0.13362107169827211,-0.11885986257933787,5057,7103919,10.777,0.0056,0.982809634784538,0.10255069568334861,0.9980013148587704,0.0056,0.9924125074955612
3547760,K04535.01,1,CANDIDATE,0.981,9.8480917,8.013927,0.88,0.11,-0.1,0.0107599999999999,0.00079,-0.000666,0.948,0.085,-0.076,5289,1.1163594789831257,0.12937186400256684,-0.11306763302244459,5117,3547760,9.848,0.059,0.982809634784538,0.15152425781761567,0.9968763782856359,0.059,0.9380606719667834
6717252,K04651.01,1,CANDIDATE,0.97,1.19260017,8.514938,0.77,0.21,-0.15,0.0069209999999999,0.00055,-0.00032,0.956,0.041,-0.039,5600,0.7241194237981269,0.0653896502680772,-0.04464950324536743,4856,6717252,1.193,0.0097,0.982809634784538,0.1227380095952675,0.9975528225533902,0.0097,0.9878765601746222
7516073,K05395.01,1,FALSE POSITIVE,0.0,601.13797,7.961684,1.81,0.46,-0.56,0.011937,0.000667,-0.000951,1.207,0.09,-0.081,5786,1.5768337962968788,0.14692629674059435,-0.16425270468685288,5716,7516073,601.138,0.14,0.9827065600042177,0.9932217181365527,0.0,0.14,0.0
8128067,K04314.01,1,FALSE POSITIVE,0.0,12.4285576,13.047004,2.22,0.44,-0.18,0.026996,0.004989,-0.004809,1.104,0.103,-0.092,5492,3.261759594261264,0.6752495857570303,-0.6414763702849408,5060,8128067,12.429,1.0,0.982809634784538,0.09031703503221253,0.9982634179483872,1.0,0.0
6527078,K04657.01,1,CANDIDATE,0.521,7.57600886,10.2443905,0.54,0.09,-0.05,0.00635,0.0003689999999999,-0.0003819999999999,0.916,0.039,-0.037,5361,0.6365795085577649,0.045858257424350644,-0.04612684261878387,4861,6527078,7.576,0.2,0.982809634784538,0.11365096804118396,0.9977572334883418,0.2,0.7982057867906734
6527078,K04657.02,2,CANDIDATE,0.969,10.4314847,8.862012,0.77,0.13,-0.07,0.009133,1e-05,-0.002547,0.916,0.039,-0.037,5361,0.9155717561666248,0.03899465517891875,-0.25799794427057066,4862,6527078,10.431,0.018,0.982809634784538,0.13961383162781976,0.9971617494911265,0.018,0.9792128380002861
7674050,K05412.01,1,FALSE POSITIVE,0.0,472.2265706,911.7493,48.18,13.67,-4.3,0.5239560000000001,0.0273089999999999,-0.030126,1.178,0.118,-0.105,5763,67.54972169607352,7.627605371417922,-7.164990962243979,5755,7674050,472.227,1.0,6.818594679569254e-298,2.633512631245431e-47,0.0,1.0,0.0
8937762,K04668.01,1,CANDIDATE,0.978,15.07277287,10.633059,1.73,0.36,-0.13,0.020577,0.002973,-0.0037,1.132,0.086,-0.078,5521,2.549247136106217,0.41613417422747156,-0.4908896008700349,4905,8937762,15.073,0.59,0.982809634784538,0.12484835948697501,0.9975047433193196,0.59,0.40897694476092106
8278073,K04799.01,1,CANDIDATE,0.994,12.0729757,9.005999000000001,1.69,0.28,-0.43,0.009058,0.000941,-0.00044,1.031,0.046,-0.043,5438,1.022055400295746,0.1155554689616311,-0.06543623987378736,6003,8278073,12.073,0.0063,0.982809634784538,0.14152970317628163,0.9971163800538123,0.0063,0.9908345468594734
9947389,K04460.01,1,CANDIDATE,0.972,284.727213,10.6837435,2.02,0.3,-0.29,0.017149,0.000917,-0.001235,1.085,0.052,-0.049,5503,2.0363479801944377,0.14622390769902305,-0.173099476801815,4852,9947389,284.727,0.32,0.982809634784538,0.9687247219675703,0.45823006313726067,0.32,0.3115964429333372
5021176,K00447.01,1,FALSE POSITIVE,0.0,4.045057186,50.52304,30.33,7.32,-3.94,0.319275,11.27509,-0.120966,1.232,0.099,-0.09,5906,43.04860444877926,1520.2510253109958,-16.610541358530504,181,5021176,4.045,1.0,0.982809634784538,0.0007027067633038822,0.999987700282955,1.0,0.0
5456979,K06579.01,1,CANDIDATE,0.997,2.6528082000000004,8.3019705,1.17,0.35,-0.13,0.0114939999999999,0.000498,-0.001242,1.122,0.105,-0.094,5778,1.4113915252328093,0.1455512299539002,-0.1929795783593956,6422,5456979,2.653,0.013,0.982809634784538,0.12906815586875517,0.9974079066792672,0.013,0.9844416038924366
11509504,K04232.01,1,CANDIDATE,0.998,2.61576515,13.108171,1.06,0.31,-0.13,0.010133,0.000508,-0.0004759999999999,1.202,0.105,-0.095,6088,1.332987159608608,0.13425591892627048,-0.12255651112344115,5447,11509504,2.616,5.4e-06,0.982809634784538,0.07432757705390323,0.9985955433192935,5.4e-06,0.9985901509033595
9509343,K04346.01,1,CANDIDATE,0.95,6.39269778,9.810187,1.21,0.1,-0.12,0.011795,0.000786,-0.00079,1.069,0.051,-0.049,5246,1.379936512632142,0.11309372076727583,-0.11199646398371871,5186,9509343,6.393,0.004,0.982809634784538,0.11677371163208694,0.9976874624377957,0.004,0.9936967125880445
4060229,K04570.01,1,CANDIDATE,0.996,35.0175053,11.686475,2.13,0.33,-0.36,0.017393,0.003939,-0.001947,1.227,0.064,-0.06,5944,2.335621773958595,0.5427971391753387,-0.2853103698219327,5249,4060229,35.018,0.0049,0.982809634784538,0.1589579988855199,0.9966941708849276,0.0049,0.9918103694475915
7287677,K04815.01,1,CANDIDATE,0.848,18.3721835,8.597889,1.12,0.32,-0.08,0.012401,0.005157,-0.001285,0.799,0.062,-0.057,5937,1.0843935917914675,0.45873242645731227,-0.13642051600609367,6089,7287677,18.372,0.12,0.982809634784538,0.1652716074375963,0.9965368702486342,0.12,0.8769524458187982
5905728,K05209.01,1,FALSE POSITIVE,0.0,7.87173698,9.173014,0.54,0.12,-0.08,0.005301,0.000265,-0.000426,1.188,0.09,-0.082,5428,0.6892197287314372,0.06255696007283221,-0.07301285425721984,6150,5905728,7.872,1.0,0.982809634784538,0.12882258068609764,0.9974135678909436,1.0,0.0
8075618,K05471.01,1,FALSE POSITIVE,0.0,8.780603773,2200.5942,52.34,11.82,-4.72,0.576032,0.0144889999999999,-0.1223819999999999,1.143,0.11,-0.098,5487,72.05701980921218,7.167564384198952,-16.508635760071467,5847,8075618,8.781,0.99,0.0,7.772047575560539e-123,0.0,0.99,0.0
9962595,K05745.01,1,FALSE POSITIVE,0.0,11.374442708,1209.9965,22.86,3.45,-2.01,0.259038,0.303938,-0.00451,1.033,0.078,-0.071,5297,29.285136689497858,34.4323141180997,-2.07639572548901,5542,9962595,11.374,0.98,0.0,5.50016838219954e-68,0.0,0.98,0.0
3003991,K06099.01,1,FALSE POSITIVE,0.0,7.244778994,6136.673000000001,25.68,5.74,-1.92,0.298437,0.0008,-0.00028,0.819,0.061,-0.055,5530,26.749768203671657,1.993641443638171,-1.7965577877146337,5598,3003991,7.245,0.81,0.0,0.0,,0.81,
4768756,K06451.01,1,FALSE POSITIVE,0.0,2.40440112,10.201152,0.42,0.03,-0.03,0.005036,0.001255,-0.000321,0.783,0.033,-0.032,5433,0.43154981934306574,0.1090718083951061,-0.032675913521808285,6757,4768756,2.404,1.0,0.982809634784538,0.1037519191945425,0.9979751931635362,1.0,0.0
7191646,K04358.01,1,CANDIDATE,0.948,106.957467,9.884124,2.4,0.75,-0.24,0.022719,0.014227,-0.001653,1.143,0.108,-0.096,6075,2.8419661286968285,1.7998295677201803,-0.31580412196999463,5194,7191646,106.957,0.025,0.982809634784538,0.5144300961311307,0.9814693648268971,0.025,0.9569326307062246
9334490,K07161.01,1,FALSE POSITIVE,0.0,18.84497113,181.69836,5.35,0.57,-0.51,0.070473,0.000714,-0.001238,0.954,0.099,-0.087,5220,7.357912009092624,0.7671873314508125,-0.6833405893555545,7021,9334490,18.845,0.049,3.193208823358283e-20,5.259842937276766e-11,0.0,0.049,0.0
11922648,K07494.01,1,FALSE POSITIVE,0.0,1.75643185,7.730833,0.58,0.16,-0.05,0.0065439999999999,0.000328,-0.0005769999999999,1.171,0.091,-0.083,5696,0.8386555809212055,0.07755317568983383,-0.0948766852145845,7476,11922648,1.756,0.0022,0.982809634784538,0.13526550087513983,0.99726397565489,0.0022,0.9950699949084493
7834712,K07850.01,1,CANDIDATE,0.966,66.119119,10.450334,3.0,0.85,-0.34,0.026737,0.001826,-0.001966,1.157,0.125,-0.11,5828,3.385552015369368,0.43272077016167754,-0.4069115370060607,7231,7834712,66.119,0.19,0.982809634784538,0.2970110916455815,0.9926100773387884,0.19,0.8040141626444186
7841368,K07851.01,1,FALSE POSITIVE,0.0,25.3710555,7.3321085,1.43,0.41,-0.41,0.008777,0.000202,-0.001171,1.237,0.093,-0.084,6029,1.1882265541310093,0.09342508742442945,-0.17788239884817536,7232,7841368,25.371,0.31,0.982809634784538,0.2120256976589713,0.9952935641370713,0.31,0.6867525592545791
9650579,K07953.01,1,CANDIDATE,0.335,432.96905,7.316128,1.43,0.33,-0.12,0.014757,0.002398,-0.000741,1.001,0.079,-0.072,5580,1.6166485251856277,0.29204795388595556,-0.14181462475483095,7653,9650579,432.969,0.23,0.9828096347845353,0.9925024015494521,0.0,0.23,0.0
9570741,K00586.01,1,CANDIDATE,1.0,15.77980122,33.72235,2.11,0.62,-0.2,0.02126,0.000686,-0.000341,0.943,0.072,-0.066,5941,2.194110059463881,0.1818705282768183,-0.1575453742171313,915,9570741,15.78,0.00014,0.982809634784538,0.0075836408674688,0.9998663405893564,0.00014,0.9997263593016739
8742735,K08165.01,1,FALSE POSITIVE,0.0,331.92622,8.063830000000001,2.25,0.55,-0.18,0.02583,0.001735,-0.002408,0.946,0.092,-0.082,5652,2.674231488484772,0.31607644732068724,-0.34042076481177896,7734,8742735,331.926,0.0042,0.982809634784538,0.9865615676831557,0.0,0.0042,0.0
8009500,K06951.01,1,FALSE POSITIVE,0.0,38.47674409,4760.222,33.8,4.36,-3.94,0.391811,0.000301,-0.000356,1.027,0.079,-0.071,5294,44.038297782359045,3.3877303002122394,-3.0447801090099356,6265,8009500,38.477,0.96,0.0,3.1073505767394727e-264,0.0,0.96,0.0
12004680,K07503.01,1,FALSE POSITIVE,0.0,2.52122764,7.804159599999999,0.91,0.2,-0.08,0.010318,0.000588,-0.000982,0.891,0.073,-0.066,5546,1.006135987698213,0.10041318295092451,-0.12134250442088661,7520,12004680,2.521,0.00066,0.982809634784538,0.13603872022397562,0.9972458730385824,0.00066,0.9965876907623769
8743244,K08166.01,1,FALSE POSITIVE,0.0,346.31688,8.002524000000001,5.21,1.64,-0.7,0.044667,6.693960000000001,-0.004513,1.196,0.107,-0.096,6060,5.846573582997734,876.1890584862242,-0.7544406248787937,7746,8743244,346.317,0.99,0.982809634784538,0.9883240636642379,0.0,0.99,0.0
8743244,K08166.02,3,FALSE POSITIVE,0.0,365.61087,8.063917,4.42,1.39,-0.6,0.037899,0.01202,-0.0079329999999999,1.196,0.107,-0.096,6060,4.960693402781274,1.6347245895237528,-1.1120978131057226,7747,8743244,365.611,0.029,0.982809634784538,0.9899230404665651,0.0,0.029,0.0
11972666,K00545.01,1,FALSE POSITIVE,0.0,1.09173174,13.533141,1.07,0.2,-0.08,0.012475,0.000306,-0.000516,0.831,0.063,-0.057,5354,1.1345536405896048,0.0904031793548013,-0.09087587298291751,649,11972666,1.092,5e-05,0.982809634784538,0.0686298757571407,0.9987111374403649,5e-05,0.9986612018834928
11068630,K07404.01,1,CANDIDATE,0.91,1.817079849,8.821142,1.39,0.45,-0.14,0.013225,0.000788,-0.0012699999999999,1.117,0.107,-0.095,5808,1.6167106881607098,0.18238354228204448,-0.20738800956151224,7164,11068630,1.817,0.22,0.982809634784538,0.11996821040619245,0.9976155758157635,0.22,0.7781401491362956
12022718,K07508.01,1,FALSE POSITIVE,0.0,4.627775175,572.669,32.62,9.75,-2.61,0.3418199999999999,4.275651,-0.109413,1.23,0.097,-0.088,5845,46.01358136483764,575.5717195725715,-15.09188986281738,7557,12022718,4.628,0.98,4.669997223141055e-153,8.980114974043282e-33,0.0,0.98,0.0
3531231,K07657.01,1,FALSE POSITIVE,0.0,62.060783,9.814416,2.11,0.5,-0.17,0.024658,0.000604,-0.005011,0.998,0.088,-0.079,5526,2.693220088535112,0.24647126545641393,-0.5873716540036314,7259,3531231,62.061,0.15,0.982809634784538,0.29626693641677265,0.9926363874574605,0.15,0.8437409293388414
3644631,K07659.01,1,FALSE POSITIVE,0.0,358.96247,7.556082000000001,2.37,0.72,-0.23,0.023964,0.0013449999999999,-0.00151,1.179,0.104,-0.094,5743,3.092121650704757,0.32328833678657903,-0.31422797265021796,7261,3644631,358.962,0.36,0.982809634784538,0.9896690784781303,0.0,0.36,0.0
8873873,K08174.01,1,CANDIDATE,0.665,295.06066,7.372084,0.64,0.07,-0.07,0.007668,0.000543,-0.000546,1.055,0.078,-0.071,5332,0.8853561726025673,0.09063891806606049,-0.08674345390901059,7755,8873873,295.061,0.018,0.982809634784538,0.9801310810871883,0.13716923433057315,0.018,0.13470018811262283
5780715,K00506.01,1,CANDIDATE,0.9,1.583160478,73.8492,3.27,1.05,-0.36,0.029555,0.000722,-0.00399,1.077,0.091,-0.082,6063,3.483614765212056,0.306399863013919,-0.5399332247883538,1111,5780715,1.583,0.019,0.982809634784538,3.41779864137714e-05,0.9999994021709502,0.019,0.9809994135297021
10068030,K00529.01,1,FALSE POSITIVE,0.0,2.023123903,69.42990999999999,2.87,0.58,-0.25,0.032684,0.0008759999999999,-0.000337,1.015,0.079,-0.072,5559,3.630652636861313,0.29886805674914624,-0.2602502927800313,1254,10068030,2.023,0.021,0.982809634784538,6.057762137018679e-05,0.9999989403700525,0.021,0.9789989626222815
11137061,K07411.01,1,CANDIDATE,0.67,1.88912273,8.133816,0.59,0.1,-0.05,0.0072209999999999,0.000442,-0.000322,0.935,0.071,-0.064,5413,0.7389114758211577,0.07206928340608786,-0.06036392833680481,7205,11137061,1.889,0.41,0.982809634784538,0.12968776803685955,0.997393608643517,0.41,0.5884622290996752
12356914,K07526.01,1,FALSE POSITIVE,0.0,27.308150159,6237.347,47.06,8.09,-4.33,0.583164,0.000924,-0.0008759999999999,1.168,0.105,-0.095,5541,74.5447400463126,6.70240870297142,-6.0641763255248735,7607,12356914,27.308,1.0,0.0,0.0,,1.0,
9239670,K08282.01,1,FALSE POSITIVE,0.116,456.55308,7.491992,1.48,0.32,-0.39,0.010443,0.000315,-0.001605,1.082,0.081,-0.073,5678,1.2366192263717593,0.09980732226156082,-0.20756406521833942,8051,9239670,456.553,0.69,0.9828096347844537,0.9927807910699357,0.0,0.69,0.0
2441151,K00603.01,1,FALSE POSITIVE,0.0,2.192009479,136.40614,35.9,8.3,-6.76,0.292251,2.880154,-0.149452,1.037,0.048,-0.045,5499,33.16791852282594,326.87575707593265,-17.02244570239002,994,2441151,2.192,1.0,0.001051812533325496,1.1938563439783475e-08,0.9999886614714375,1.0,0.0
11232745,K07421.01,1,FALSE POSITIVE,0.0,4.81712182,773.0808,43.45,8.68,-3.72,0.50044,0.0026969999999999,-0.125826,0.94,0.087,-0.078,5419,51.4829381953184,4.772981326123621,-13.63111160045475,7248,11232745,4.817,0.91,1.3074382114059293e-221,7.292171177819342e-44,0.0,0.91,0.0
4371172,K08093.01,1,FALSE POSITIVE,0.0,73.992267,8.607452,2.86,1.38,-1.68,0.013831,0.001979,-0.001372,0.936,0.07,-0.064,5271,1.4168141503901335,0.22874477813639077,-0.17069771829290245,8002,4371172,73.992,0.71,0.982809634784538,0.3860463909052255,0.9890018500111564,0.71,0.2868105365032354
10205598,K08198.01,3,FALSE POSITIVE,0.008,373.89398,8.046221000000001,2.51,0.27,-0.24,0.032878,0.039922,-0.009555,1.091,0.084,-0.076,5263,3.925668266832368,4.776302420246818,-1.1731939774388753,7812,10205598,373.894,0.88,0.982809634784538,0.990454909063684,0.0,0.88,0.0
7447895,K06878.01,1,CANDIDATE,1.0,2.4056253030000003,8.087268,1.11,0.23,-0.09,0.012218,0.009025,-0.001084,0.955,0.073,-0.067,5450,1.2769883877107977,0.9483029082487267,-0.14443822041411739,6742,7447895,2.406,0.92,0.982809634784538,0.13158258172262027,0.9973497577347747,0.92,0.07978798061878194
8231877,K06996.01,1,FALSE POSITIVE,0.0,1.307761491,1592.999,29.17,2.91,-2.6,0.396962,0.100382,-0.0566679999999999,1.009,0.077,-0.07,5112,43.835256980021384,11.578630350793121,-6.957491252557774,6438,8231877,1.308,1.0,0.0,2.82670043182827e-89,0.0,1.0,0.0
11296724,K07437.01,1,CANDIDATE,0.668,1.9997244,8.192667,0.84,0.2,-0.09,0.008536,0.0016179999999999,-0.000235,1.025,0.094,-0.084,5838,0.9575505883463377,0.2016308882883814,-0.0827820541483044,7297,11296724,2.0,0.0038,0.982809634784538,0.1291032557321206,0.997407097266059,0.0038,0.993616950296448
6042663,K06651.01,1,FALSE POSITIVE,0.0,30.971766472,5374.158,51.72,13.73,-4.55,0.571344,0.011414,-0.023377,0.944,0.08,-0.072,5633,59.02732752881952,5.139427436227172,-5.108983828167532,6680,6042663,30.972,0.99,0.0,2.7866012027978787e-298,0.0,0.99,0.0
6838050,K00512.01,1,CANDIDATE,1.0,6.51003001,40.47481,2.78,0.75,-0.5,0.022098,0.000731,-0.000339,0.967,0.073,-0.067,5638,2.3386374443430653,0.1927525874822246,-0.16596008961320052,1159,6838050,6.51,2.1e-05,0.982809634784538,0.002656904992668737,0.9999534041608017,2.1e-05,0.9999324051393143
8938628,K07109.01,1,FALSE POSITIVE,0.0,3.431126546,5044.028,47.48,14.75,-11.08,0.448692,0.130099,-0.117714,1.084,0.081,-0.074,5815,53.230563561792096,15.938580233612369,-14.43003126527187,7543,8938628,3.431,0.94,0.0,2.9329548117117877e-280,0.0,0.94,0.0
10454313,K00532.01,1,CANDIDATE,1.0,4.2216261930000005,69.103584,2.87,0.96,-0.32,0.02667,0.000138,-0.002798,1.238,0.098,-0.089,6123,3.613492153599295,0.2866542421230897,-0.4595631426846382,1290,10454313,4.222,8.3e-10,0.982809634784538,6.611179534325112e-05,0.9999988435593152,8.3e-10,0.9999988427293163
4384909,K07693.01,1,CANDIDATE,0.655,6.41097179,7.288214999999999,1.4,0.32,-0.13,0.013772,0.0009339999999999,-0.001371,0.837,0.071,-0.064,5383,1.2615542403095896,0.13701062284458748,-0.1583581806567879,7394,4384909,6.411,0.0029,0.982809634784538,0.15421700555754805,0.9968107466860681,0.0029,0.9939199955206784
10515564,K08211.01,1,CANDIDATE,0.266,5.0487451,7.110107000000001,0.67,0.15,-0.05,0.007408,0.000642,-0.000688,0.886,0.068,-0.062,5450,0.7183203186508936,0.08315457649742147,-0.08352973404093492,7848,10515564,5.049,0.017,0.982809634784538,0.1534752593600074,0.9968288672797627,0.017,0.9798827765360067
6960456,K00613.01,1,FALSE POSITIVE,0.0,5.07442951,20.756702,1.38,0.32,-0.1,0.014777,9e-06,-0.001031,0.889,0.067,-0.061,5448,1.43771065034294,0.10835743416298822,-0.14069119853588558,1041,6960456,5.074,1.0,0.982809634784538,0.03091299377820611,0.9994420516543853,1.0,0.0
9024857,K07124.01,1,FALSE POSITIVE,0.0,35.026564845,1828.4366,34.88,8.1,-2.71,0.39437,0.0100019999999999,-0.0088799999999999,1.094,0.097,-0.087,5546,47.21768038100931,4.354481752044306,-3.9025881824045685,7588,9024857,35.027,1.0,0.0,5.3199782978947674e-102,0.0,1.0,0.0
9024857,K07124.02,2,FALSE POSITIVE,0.005,379.11996,8.084263,2.74,0.64,-0.21,0.0309769999999999,0.009248,-0.0036299999999999,1.094,0.097,-0.087,5546,3.7088573805373657,1.1550582971412426,-0.5252480399342183,7589,9024857,379.12,0.94,0.982809634784538,0.9907301883796579,0.0,0.94,0.0
11656721,K00541.01,1,CANDIDATE,1.0,13.64617478,38.652847,2.06,0.47,-0.16,0.022774,0.0007639999999999,-0.000383,0.904,0.07,-0.063,5569,2.25315569267556,0.19013977374086682,-0.1615303460000339,643,11656721,13.646,3.6e-05,0.982809634784538,0.003884160835432145,0.9999317970660957,3.6e-05,0.9998957995214013
11411639,K07445.01,1,CANDIDATE,0.948,6.933574,7.7034254,1.3,0.25,-0.1,0.0150419999999999,0.001942,-0.001098,0.864,0.075,-0.068,5510,1.4223378998238012,0.22127916434054903,-0.15267876410829367,7338,11411639,6.934,0.46,0.982809634784538,0.14882214605091432,0.9969418206920881,0.46,0.5383485831737276
11669239,K00542.01,1,CANDIDATE,0.999,41.8854433,38.99938,3.28,0.88,-0.6,0.02918,0.000194,-0.004752,0.93,0.07,-0.064,5735,2.9699674647621443,0.22441629008834627,-0.52507431498275,644,11669239,41.885,0.00025,0.982809634784538,0.0066773576201333935,0.9998824209357754,0.00025,0.9996324503305415
11669239,K00542.02,2,CANDIDATE,0.992,13.81733587,17.675926,2.04,0.55,-0.37,0.0181759999999999,0.000592,-0.004919,0.93,0.07,-0.064,5735,1.8499701384344223,0.1517226735292549,-0.5165932605281558,645,11669239,13.817,0.0016,0.982809634784538,0.0536345263341758,0.9990087087785298,0.0016,0.9974102948444841
11601357,K07459.01,1,FALSE POSITIVE,0.402,3.55027051,7.364884,1.15,0.24,-0.1,0.0131949999999999,0.001395,-0.001102,0.858,0.073,-0.066,5497,1.2390251961678738,0.1681425611027923,-0.14068345591108453,7381,11601357,3.55,0.018,0.982809634784538,0.1453885715345069,0.9970243813534774,0.018,0.9790779424891147
8096395,K07587.01,1,CANDIDATE,0.897,366.088938,21.286785,2.57,0.78,-0.31,0.024943,0.000487,-0.0034969999999999,1.014,0.079,-0.071,5941,2.7680255681160335,0.22232365581106373,-0.4337833006919047,7044,8096395,366.089,0.0017,0.9828096347845267,0.9757566236607736,0.2960138695842547,0.0017,0.29551064600596144
10676824,K00599.01,1,CANDIDATE,1.0,6.45442931,39.361523,2.48,0.75,-0.26,0.02404,0.003567,-0.00172,1.022,0.081,-0.074,6092,2.688863864837654,0.4523170445654446,-0.2737075030795073,988,10676824,6.454,0.21,0.982809634784538,0.0030571295831479358,0.9999463636428532,0.21,0.789957627277854
6187508,K06672.01,1,CANDIDATE,1.0,2.28494301,8.627483999999999,1.0,0.18,-0.09,0.0115599999999999,0.00095,-0.000794,0.883,0.069,-0.062,5396,1.117125571985895,0.126683329689556,-0.10972776061823415,6732,6187508,2.285,0.28,0.982809634784538,0.12364804411365186,0.997532118008396,0.28,0.7182231249660451
6936977,K06791.01,1,FALSE POSITIVE,0.0,36.473115046,4803.0005,53.1,10.19,-4.72,0.634783,0.015636,-0.123913,0.892,0.066,-0.06,5452,61.96887294317896,4.832543178208341,-12.794678306275006,6469,6936977,36.473,0.97,0.0,1.2781926892984075e-266,0.0,0.97,0.0
10665749,K07359.01,1,CANDIDATE,0.965,4.237447181,7.679031,2.26,0.68,-0.29,0.020826,0.003595,-0.006118,1.082,0.098,-0.089,5993,2.466133487352127,0.4807467635632296,-0.7523331682533232,7026,10665749,4.237,0.71,0.982809634784538,0.14222706129184864,0.9970998157211601,0.71,0.2891589465591365
11619964,K07466.01,1,FALSE POSITIVE,0.0,10.368552685,7700.6265,61.14,16.71,-9.0,0.593091,0.002445,-0.082433,1.25,0.1,-0.091,5855,81.13622591162222,6.499510426599856,-12.730303201093978,7387,11619964,10.369,0.99,0.0,0.0,,0.99,
11662440,K07469.01,1,FALSE POSITIVE,0.0,13.639480425,1841.8331,44.0,9.57,-4.42,0.476272,0.03515,-0.0384,0.95,0.088,-0.079,5461,49.5178877548452,5.864765862195758,-5.735492382546748,7389,11662440,13.639,1.0,0.0,6.177190977530058e-103,0.0,1.0,0.0
12554485,K08238.01,1,CANDIDATE,0.444,495.662346,8.735097999999999,2.73,0.56,-0.33,0.030468,0.001593,-0.008092,0.991,0.075,-0.068,5515,3.304464244840171,0.3039620048344119,-0.906450652296665,7919,12554485,495.662,0.04,0.982809634726241,0.9930047662442102,0.0,0.04,0.0
4644604,K00628.01,1,CANDIDATE,1.0,14.48584765,43.133007,2.88,0.45,-0.37,0.024271,0.000185,-0.004016,0.979,0.043,-0.041,5784,2.600481794503524,0.11592647693845641,-0.443856935690115,1165,4644604,14.486,0.009,0.982809634784538,0.0022369737797599864,0.9999607852739506,0.009,0.990961138206485
7812179,K00515.01,1,FALSE POSITIVE,0.0,17.79421914,103.92036,25.27,5.49,-2.2,0.287451,23.40659,-0.123118,1.21,0.092,-0.083,5485,38.065597383431914,3099.6107840116756,-16.51162256960529,1162,7812179,17.794,0.95,0.9828095693783809,1.038044906191083e-06,0.9999999818434232,0.95,0.049999999092171205
7902204,K06931.01,1,CANDIDATE,0.972,2.54031121,9.051803,1.2,0.34,-0.09,0.012081,0.000686,-0.001034,1.192,0.136,-0.118,5778,1.5760231604580919,0.20085352472036944,-0.20624319888700104,6212,7902204,2.54,0.0065,0.982809634784538,0.11846638951616567,0.9976494365680934,0.0065,0.9911647152304008
8443812,K07041.01,1,CANDIDATE,0.888,8.361373200000001,7.563681,0.79,0.12,-0.09,0.009364,0.0006889999999999,-0.000695,1.122,0.09,-0.081,5470,1.1498408075761393,0.12515972412337897,-0.11905395044223573,7314,8443812,8.361,0.0047,0.982809634784538,0.154942898039581,0.9967929825949619,0.0047,0.9921080555767655
7664272,K07845.01,1,FALSE POSITIVE,0.146,341.01495,7.394858,1.72,0.3,-0.21,0.017606,0.0026,-0.002253,1.106,0.083,-0.075,5327,2.131077678265794,0.35301517803459237,-0.3086327356318681,7226,7664272,341.015,0.63,0.982809634784538,0.9881592356722152,0.0,0.63,0.0
5796675,K00652.01,1,CANDIDATE,1.0,16.080657264000003,253.61078,4.43,0.38,-0.23,0.049706,0.000873,-0.000288,1.154,0.052,-0.049,5303,6.277664184306568,0.30360353865972906,-0.26902616193444884,1261,5796675,16.081,0.003,1.204247370258631e-44,5.19784299885847e-15,0.0,0.003,0.0
6678383,K00111.02,3,CANDIDATE,1.0,23.66834635,99.441605,2.32,0.31,-0.26,0.021099,0.000762,-0.001355,1.062,0.045,-0.043,5979,2.4522788048389126,0.13653241932725504,-0.18617552730875508,63,6678383,23.668,1.5e-05,0.9828096303531008,2.0763095185785463e-06,0.9999999636830967,1.5e-05,0.9999849636836415
6678383,K00111.03,2,CANDIDATE,0.978,51.75530504,99.92415,2.61,0.35,-0.3,0.023742,0.001263,-0.000966,1.062,0.045,-0.043,5979,2.7594674337402467,0.18767153353820784,-0.15839618974074446,64,6678383,51.755,0.00057,0.9828092834962968,3.5068704157280504e-06,0.9999999386596896,0.00057,0.9994299386946537
6678383,K00111.01,1,CANDIDATE,0.999,11.427550984000002,148.07863999999998,2.35,0.32,-0.27,0.021404,8e-06,-0.0008039999999999,1.062,0.045,-0.043,5979,2.4877281169141705,0.10541630912470072,-0.13739818390937608,62,6678383,11.428,6.4e-08,2.8852590867305416e-08,3.2700000817217037e-09,0.8866652907149472,6.4e-08,0.8866652339683686
10002866,K00723.01,2,CANDIDATE,1.0,3.936993144,76.264,3.36,0.74,-0.25,0.036449,0.0020859999999999,-0.003685,0.816,0.039,-0.037,5431,3.2550617525799144,0.2427068230946236,-0.36066971323280994,1088,10002866,3.937,0.0018,0.982809634784538,2.6388409150341332e-05,0.9999995384270305,0.0018,0.9981995392578618
10002866,K00723.02,3,CANDIDATE,1.0,28.08185982,58.22654,3.63,0.8,-0.27,0.039445,0.000254,-0.0014529999999999,0.816,0.039,-0.037,5431,3.5226182016108734,0.169881631326448,-0.20579141640899604,1089,10002866,28.082,0.00038,0.982809634784538,0.0004346983450875644,0.9999923933661253,0.00038,0.9996123962566461
10002866,K00723.03,1,CANDIDATE,1.0,10.08881066,82.97855,4.71,1.04,-0.35,0.05115,0.001702,-0.0094709999999999,0.816,0.039,-0.037,5431,4.56792802668009,0.2660198358756782,-0.8707949821163505,1090,10002866,10.089,0.11,0.9828096347845364,1.2749619191138317e-05,0.999999776993024,0.11,0.8899998015237913
8962094,K00700.01,1,CANDIDATE,1.0,30.86436512,46.549694,2.23,0.28,-0.1,0.024615,0.000186,-0.002856,0.905,0.039,-0.036,5677,2.437989747593129,0.10666546090806907,-0.29903502714889063,839,8962094,30.864,0.0054,0.982809634784538,0.002036846587642856,0.9999643007155468,0.0054,0.9945644934916829
8962094,K00700.02,2,CANDIDATE,1.0,9.36059705,33.322113,1.42,0.17,-0.07,0.0156509999999999,0.001047,-0.001573,0.905,0.039,-0.036,5677,1.550151433661581,0.12335400029830564,-0.1675567861557056,840,8962094,9.361,0.00094,0.982809634784538,0.006984985578151623,0.9998769659282927,0.00094,0.99893708158032
8962094,K00700.03,3,CANDIDATE,0.997,14.6672293,25.679129,1.21,0.15,-0.05,0.013386,0.002676,-0.000566,0.905,0.039,-0.036,5677,1.3258147780329725,0.27113231780963404,-0.0769683138670173,874,8962094,14.667,0.0033,0.982809634784538,0.020384129186801343,0.9996360413473003,0.0033,0.9963372424108543
8962094,K00700.04,4,CANDIDATE,0.976,68.1609897,17.723257,1.45,0.18,-0.07,0.015986,0.000292,-0.000699,0.905,0.039,-0.036,5677,1.5833314688207905,0.07410823989954823,-0.0935949990589325,875,8962094,68.161,0.046,0.982809634784538,0.1487833932286311,0.9969427562240541,0.046,0.9510833894377476
